request_id,user_id,request_date,request_type,requested_amount,desired_completion_date,allows_partial_payment,request_text,amount_safe_to_pay,affordability_status,recommended_payment_method,payment_plan,earliest_date_for_full_payment,spending_changes_needed,decision_explanation
request_26,user_26,2025-08-03,family_transfer,15656000.0,2025-10-07,False,"I've been asked to transfer IDR 15,656,000 to my family. I need to complete it by 7 October 2025. Should I send the full amount, send part of it, or wait?",15656000.0,affordable_now,full_payment,2025-08-03:15656000,2025-08-03,none,"Pay IDR 15,656,000 today. This leaves at least IDR 24,768,300 available over the next 90 days."
request_27,user_27,2026-07-05,purchase,6670.0,2026-08-21,True,"Can I make this purchase without dipping into the balance I want to keep? I need to decide by 21 August 2026. The laptop costs ZAR 6,670.",6670.0,affordable_now,full_payment,2026-07-05:6670,2026-07-05,none,"Pay ZAR 6,670 today. This leaves at least ZAR 20,500 available over the next 90 days."
request_28,user_28,2024-06-07,investment,1302.4,2024-08-15,False,"I'm planning an investment contribution of EUR 1,302.40. What portion can I invest today without going below my minimum balance?",308.8,affordable_later,wait,2024-08-15:1302.40,2024-08-15,none,"Pay EUR 1,302.40 in full on 15 August 2024. Paying earlier would take the balance below the EUR 1,100 minimum."
request_29,user_29,2025-11-04,investment,51524.0,2025-11-23,False,"Would investing this amount leave my upcoming bills covered? I have an opportunity to invest ZAR 51,524.",1457.66,not_affordable,not_recommended,none,,none,"Do not proceed with the ZAR 51,524 request. Although ZAR 1,457.66 is available today, the full amount cannot be completed safely within 90 days."
request_30,user_30,2026-04-06,debt_repayment,775.2,2026-06-06,False,The additional loan payment would be USD 775.20. I need to complete it by 6 June 2026. Can I clear this additional amount without putting upcoming bills at risk?,775.2,affordable_with_plan,installments,2026-04-06:268.74|2026-05-06:268.74|2026-06-05:268.74,2026-04-06,none,"Use 3 installments of USD 268.74, starting 6 April 2026. This leaves at least USD 900 available."
request_31,user_31,2024-09-03,purchase,18164000.0,2024-11-15,False,"Would paying for the laptop today leave enough for my regular expenses? I need to decide by 15 November 2024. The price of the laptop is IDR 18,164,000.",2894443.04,affordable_later,wait,2024-11-15:18164000,2024-11-15,none,"Pay IDR 18,164,000 in full on 15 November 2024. Paying earlier would take the balance below the IDR 16,588,900 minimum."
request_32,user_32,2025-02-05,travel,40018.0,2025-04-15,False,"I'm planning a family trip that costs ZAR 40,018. Can I afford the full trip without putting upcoming bills at risk?",14175.2,affordable_later,wait,2025-04-15:40018,2025-04-15,none,"Pay ZAR 40,018 in full on 15 April 2025. Paying earlier would take the balance below the ZAR 35,700 minimum."
request_33,user_33,2026-01-07,housing,118000.0,2026-03-15,False,"Would paying the full deposit leave enough for my other commitments? The move requires a INR 118,000 deposit.",37787.88,affordable_later,wait,2026-02-15:118000,2026-02-15,none,"Pay INR 118,000 in full on 15 February 2026. Paying earlier would take the balance below the INR 102,100 minimum."
request_34,user_34,2024-12-04,travel,129400.0,2025-01-28,False,"I can book the family trip for INR 129,400. I need to complete it by 28 January 2025. How much can I safely put toward the booking today?",129400.0,affordable_now,full_payment,2024-12-04:129400,2024-12-04,none,"Pay INR 129,400 today. This leaves at least INR 138,500 available over the next 90 days."
request_35,user_35,2025-10-30,travel,212000.0,2026-01-15,False,"Would it be safer to book the trip now or wait until more money comes in? I need to decide by 15 January 2026. I've found a travel option for INR 212,000.",21248.24,affordable_later,wait,2026-01-15:212000,2026-01-15,none,"Pay INR 212,000 in full on 15 January 2026. Paying earlier would take the balance below the INR 106,400 minimum."
request_36,user_36,2026-07-03,education,3954.0,2026-09-15,False,"I'm considering a professional course priced at USD 3,954. Is it safe to cover the full course fee by the deadline?",615.13,affordable_later,wait,2026-09-15:3954,2026-09-15,none,"Pay USD 3,954 in full on 15 September 2026. Paying earlier would take the balance below the USD 2,400 minimum."
request_37,user_37,2024-03-05,family_transfer,14649000.0,2024-05-15,False,"Can I make the full transfer without falling short on my own bills? I'm planning to send my family IDR 14,649,000.",5312144.44,affordable_later,wait,2024-05-15:14649000,2024-05-15,none,"Pay IDR 14,649,000 in full on 15 May 2024. Paying earlier would take the balance below the IDR 17,056,200 minimum."
request_38,user_38,2025-08-07,emergency_expense,971.3,2025-10-15,False,The latest estimate for the repair is EUR 971.30. I need to complete it by 15 October 2025. Can I cover the full repair now and still manage my essential expenses?,182.82,affordable_later,wait,2025-10-15:971.30,2025-10-15,none,Pay EUR 971.30 in full on 15 October 2025. Paying earlier would take the balance below the EUR 400 minimum.
request_39,user_39,2026-04-04,housing,208600.0,2026-06-15,False,"Can I cover this deposit without putting rent and regular bills at risk? I need to decide by 15 June 2026. I need INR 208,600 for the rental deposit.",61334.41,not_affordable,not_recommended,none,,none,"Do not proceed with the INR 208,600 request. Although INR 61,334.41 is available today, the full amount cannot be completed safely within 90 days."
request_40,user_40,2024-06-06,education,1290.3,2024-08-15,False,"The professional course costs EUR 1,290.30. How much of the course fee can I manage without cutting into essentials?",332.46,not_affordable,not_recommended,none,,none,"Do not proceed with the EUR 1,290.30 request. Although EUR 332.46 is available today, the full amount cannot be completed safely within 90 days."
request_41,user_41,2025-11-03,emergency_expense,38760000.0,2026-01-15,False,"The repair cannot wait. How much can I safely pay today? The repair bill comes to IDR 38,760,000.",8781753.1,not_affordable,not_recommended,none,,none,"Do not proceed with the IDR 38,760,000 request. Although IDR 8,781,753.10 is available today, the full amount cannot be completed safely within 90 days."
request_42,user_42,2026-01-05,emergency_expense,52100.0,2026-03-15,False,"I need to cover an urgent repair of INR 52,100. I need to complete it by 15 March 2026. What is the most I can put toward this repair right now?",52100.0,affordable_now,full_payment,2026-01-05:52100,2026-01-05,none,"Pay INR 52,100 today. This leaves at least INR 113,100 available over the next 90 days."
request_43,user_43,2024-09-07,purchase,43339000.0,2024-11-15,False,"Laptop yang saya incar harganya IDR 43.339.000. Saya harus memutuskan sebelum 15 November 2024. Apakah saya bisa membelinya sekarang, atau sebaiknya menunggu?",8443757.75,affordable_later,wait,2024-11-15:43339000,2024-11-15,none,"Pay IDR 43,339,000 in full on 15 November 2024. Paying earlier would take the balance below the IDR 21,398,000 minimum."
request_44,user_44,2025-02-04,education,95800.0,2025-04-15,False,"I need INR 95,800 for the course fee. Would paying the course fee now leave enough for my regular commitments?",29256.06,not_affordable,not_recommended,none,,none,"Do not proceed with the INR 95,800 request. Although INR 29,256.06 is available today, the full amount cannot be completed safely within 90 days."
request_45,user_45,2026-07-06,purchase,21983000.0,2026-09-15,False,"How much of the laptop price can I safely cover today? The price of the laptop is IDR 21,983,000.",3614476.62,affordable_later,wait,2026-09-15:21983000,2026-09-15,none,"Pay IDR 21,983,000 in full on 15 September 2026. Paying earlier would take the balance below the IDR 11,149,800 minimum."
request_46,user_46,2024-12-03,debt_repayment,49450.0,2025-01-09,True,"I would like to repay an additional INR 49,450. I need to complete it by 9 January 2025. Is the full extra repayment safe, or should I pay a smaller amount?",42021.85,affordable_with_plan,partial_payment,2024-12-03:42021.85|2024-12-15:7428.15,2024-12-15,none,"Pay INR 42,021.85 today and the remaining INR 7,428.15 on 15 December 2024. This completes the full request and keeps the INR 84,000 minimum protected."
request_47,user_47,2025-05-05,emergency_expense,38114000.0,2025-06-19,False,"What is the most I can put toward this repair right now? I need to decide by 19 June 2025. I've received a repair quote for IDR 38,114,000.",38114000.0,affordable_now,full_payment,2025-05-05:38114000,2025-05-05,none,"Pay IDR 38,114,000 today. This leaves at least IDR 30,049,000 available over the next 90 days."
request_48,user_48,2026-07-25,family_transfer,45700.0,2026-08-24,False,"I want to send INR 45,700 to my family. Can I complete this family transfer and still keep my minimum balance?",45700.0,affordable_now,full_payment,2026-07-25:45700,2026-07-25,none,"Pay INR 45,700 today. This leaves at least INR 71,300 available over the next 90 days."
request_49,user_49,2024-03-04,travel,34333000.0,2024-05-22,False,"How much can I safely put toward the booking today? I've found a travel option for IDR 34,333,000.",11974188.05,not_affordable,not_recommended,none,,none,"Do not proceed with the IDR 34,333,000 request. Although IDR 11,974,188.05 is available today, the full amount cannot be completed safely within 90 days."
request_50,user_50,2025-08-06,travel,43900.0,2025-08-21,False,"The family trip will cost INR 43,900. I need to complete it by 21 August 2025. Would it be safer to book the trip now or wait until more money comes in?",43900.0,affordable_now,full_payment,2025-08-06:43900,2025-08-06,none,"Pay INR 43,900 today. This leaves at least INR 99,700 available over the next 90 days."
request_51,user_51,2026-01-03,investment,2191000.0,2026-02-28,True,"Is it safer to invest now, invest a smaller amount, or wait? I need to decide by 28 February 2026. The amount I would like to invest is IDR 2,191,000.",2191000.0,affordable_now,full_payment,2026-01-03:2191000,2026-01-03,none,"Pay IDR 2,191,000 today. This leaves at least IDR 7,811,000 available over the next 90 days."
request_52,user_52,2024-06-05,emergency_expense,28870.0,2024-07-09,True,"The latest estimate for the repair is INR 28,870. What is the most I can put toward this repair right now?",18701.97,affordable_later,wait,2024-06-15:28870,2024-06-15,none,"Pay INR 28,870 in full on 15 June 2024. Paying earlier would take the balance below the INR 41,500 minimum."
request_53,user_53,2025-11-07,purchase,1699.2,2026-01-20,False,"Is the laptop affordable right now, or should I wait? The laptop comes to USD 1,699.20.",477.89,affordable_with_plan,installments,2025-11-21:589.06|2025-12-19:589.06|2026-01-16:589.06,2026-01-15,none,"Use 3 installments of USD 589.06, starting 21 November 2025. This leaves at least USD 2,100 available."
request_54,user_54,2026-07-04,housing,121528.0,2026-08-21,False,"The move requires a ZAR 121,528 deposit. I need to complete it by 21 August 2026. Can I cover this deposit without putting rent and regular bills at risk?",2064.79,not_affordable,not_recommended,none,,none,"Do not proceed with the ZAR 121,528 request. Although ZAR 2,064.79 is available today, the full amount cannot be completed safely within 90 days."
request_55,user_55,2026-06-08,family_transfer,218600.0,2026-08-22,False,"How much can I safely send to my family today? I need to decide by 22 August 2026. I want to send INR 218,600 to my family.",131807.04,affordable_with_plan,installments,2026-06-11:75781.33|2026-07-12:75781.33|2026-08-12:75781.33,2026-07-15,none,"Use 3 installments of INR 75,781.33, starting 11 June 2026. This leaves at least INR 124,300 available."
request_56,user_56,2025-02-03,purchase,881.56,2025-03-13,True,I've found a laptop for USD 881.56. Would paying for the laptop today leave enough for my regular expenses?,623.64,affordable_with_plan,partial_payment,2025-02-03:623.64|2025-02-15:257.92,2025-02-15,none,"Pay USD 623.64 today and the remaining USD 257.92 on 15 February 2025. This completes the full request and keeps the USD 2,100 minimum protected."
request_57,user_57,2026-04-05,education,61446.0,2026-06-15,False,"Can I pay for the course before enrolment closes? I'm considering a professional course priced at ZAR 61,446.",14573.73,affordable_later,wait,2026-06-15:61446,2026-06-15,none,"Pay ZAR 61,446 in full on 15 June 2026. Paying earlier would take the balance below the ZAR 42,700 minimum."
request_58,user_58,2024-12-07,debt_repayment,16226000.0,2025-01-25,False,"The additional loan payment would be IDR 16,226,000. I need to complete it by 25 January 2025. How much extra can I put toward the loan today?",16226000.0,affordable_now,full_payment,2024-12-07:16226000,2024-12-07,none,"Pay IDR 16,226,000 today. This leaves at least IDR 14,433,900 available over the next 90 days."
request_59,user_59,2025-05-04,investment,140600.0,2025-07-02,False,"Would investing this amount leave my upcoming bills covered? I need to decide by 2 July 2025. I'm considering setting aside INR 140,600 for an investment.",140600.0,affordable_with_plan,installments,2025-05-07:48741.33|2025-06-04:48741.33|2025-07-02:48741.33,2025-05-04,none,"Use 3 installments of INR 48,741.33, starting 7 May 2025. This leaves at least INR 132,600 available."
request_60,user_60,2026-01-06,housing,199.89,2026-03-04,True,"I need USD 199.89 for the rental deposit. Is the deposit affordable now, or do I need more time?",134.24,not_affordable,not_recommended,none,,none,"Do not proceed with the USD 199.89 request. Although USD 134.24 is available today, the full amount cannot be completed safely within 90 days."
request_61,user_61,2024-03-03,purchase,29062.0,2024-05-24,False,"Would paying for the laptop today leave enough for my regular expenses? I've been quoted ZAR 29,062 for the laptop.",29062.0,affordable_with_plan,installments,2024-03-17:10074.83|2024-04-17:10074.83|2024-05-18:10074.83,2024-03-03,none,"Use 3 installments of ZAR 10,074.83, starting 17 March 2024. This leaves at least ZAR 36,700 available."
request_62,user_62,2025-08-05,debt_repayment,404.23,2025-10-09,True,I have USD 404.23 in mind as an extra loan payment. I need to complete it by 9 October 2025. Can I make the extra loan payment now without affecting essential expenses?,404.23,affordable_now,full_payment,2025-08-05:404.23,2025-08-05,none,"Pay USD 404.23 today. This leaves at least USD 1,300 available over the next 90 days."
request_63,user_63,2026-07-07,purchase,343900.0,2026-09-17,True,"Is the laptop affordable right now, or should I wait? I need to decide by 17 September 2026. I've found a laptop for INR 343,900.",47792.59,not_affordable,not_recommended,none,,none,"Do not proceed with the INR 343,900 request. Although INR 47,792.59 is available today, the full amount cannot be completed safely within 90 days."
request_64,user_64,2024-06-04,other,63700.0,2024-08-16,False,"I've been offered the annual membership for INR 63,700. Is the full membership fee affordable today, or should I wait?",0.0,not_affordable,not_recommended,none,,none,"Do not make this payment by 16 August 2024. None of the available options keeps the INR 36,100 minimum protected."
request_65,user_65,2025-11-06,other,54340.0,2025-11-25,True,"Can I pay for the annual membership now without affecting my regular expenses? The annual membership costs ZAR 54,340.",5782.77,not_affordable,not_recommended,none,,none,"Do not proceed with the ZAR 54,340 request. Although ZAR 5,782.77 is available today, the full amount cannot be completed safely within 90 days."
request_66,user_66,2026-04-03,emergency_expense,22200.0,2026-04-17,True,"The latest estimate for the repair is INR 22,200. I need to complete it by 17 April 2026. The repair cannot wait. How much can I safely pay today?",22200.0,affordable_now,full_payment,2026-04-03:22200,2026-04-03,none,"Pay INR 22,200 today. This leaves at least INR 80,700 available over the next 90 days."
request_67,user_67,2024-09-05,emergency_expense,2094.0,2024-11-15,False,"What is the most I can put toward this repair right now? I need to decide by 15 November 2024. The urgent repair will cost USD 2,094.",292.95,affordable_later,wait,2024-11-15:2094,2024-11-15,none,"Pay USD 2,094 in full on 15 November 2024. Paying earlier would take the balance below the USD 1,200 minimum."
request_68,user_68,2025-02-07,debt_repayment,2091.6,2025-04-16,False,"The extra repayment I'm considering is USD 2,091.60. How much extra can I put toward the loan today?",1419.14,affordable_with_plan,installments,2025-02-14:725.09|2025-03-14:725.09|2025-04-11:725.09,2025-03-23,none,"Use 3 installments of USD 725.09, starting 14 February 2025. This leaves at least USD 1,500 available."
request_69,user_69,2026-01-04,investment,529.1,2026-01-14,False,Would investing this amount leave my upcoming bills covered? I want to put EUR 529.10 into an investment.,529.1,affordable_now,full_payment,2026-01-04:529.10,2026-01-04,none,Pay EUR 529.10 today. This leaves at least EUR 700 available over the next 90 days.
request_70,user_70,2024-12-06,other,243900.0,2025-02-15,False,"The full-year membership is INR 243,900. I need to complete it by 15 February 2025. Can I pay for the annual membership now without affecting my regular expenses?",49475.42,affordable_later,wait,2025-02-15:243900,2025-02-15,none,"Pay INR 243,900 in full on 15 February 2025. Paying earlier would take the balance below the INR 115,000 minimum."
request_71,user_71,2025-05-03,housing,21451000.0,2025-05-28,False,"Can I pay the rental deposit by the requested date? I need to decide by 28 May 2025. I need to pay a IDR 21,451,000 rental deposit.",414991.16,not_affordable,not_recommended,none,,none,"Do not proceed with the IDR 21,451,000 request. Although IDR 414,991.16 is available today, the full amount cannot be completed safely within 90 days."
request_72,user_72,2026-07-05,family_transfer,11330.0,2026-07-14,False,"I'm planning to send my family ZAR 11,330. Can I make the full transfer without falling short on my own bills?",11330.0,affordable_now,full_payment,2026-07-05:11330,2026-07-05,none,"Pay ZAR 11,330 today. This leaves at least ZAR 12,200 available over the next 90 days."
request_73,user_73,2023-01-20,emergency_expense,71400.0,2023-02-13,False,"Can I cover the full repair now and still manage my essential expenses? The latest estimate for the repair is INR 71,400.",71400.0,affordable_now,full_payment,2023-01-20:71400,2023-01-20,none,"Pay INR 71,400 today. This leaves at least INR 103,200 available over the next 90 days."
request_74,user_74,2025-08-04,debt_repayment,5010.0,2025-10-21,True,"I would like to repay an additional ZAR 5,010. I need to complete it by 21 October 2025. Would paying this much toward the loan leave enough for the rest of the month?",5010.0,affordable_now,full_payment,2025-08-04:5010,2025-08-04,none,"Pay ZAR 5,010 today. This leaves at least ZAR 21,900 available over the next 90 days."
request_75,user_75,2026-04-06,emergency_expense,28270.0,2026-06-12,False,"Should I pay for the repair in full, split the payment, or wait? I need to decide by 12 June 2026. I've received a repair quote for ZAR 28,270.",13759.27,affordable_with_plan,installments,2026-04-09:9800.27|2026-05-09:9800.27|2026-06-08:9800.27,2026-04-06,none,"Use 3 installments of ZAR 9,800.27, starting 9 April 2026. This leaves at least ZAR 39,000 available."
request_76,user_76,2024-06-03,other,4455.6,2024-07-30,False,"Renewing the membership would cost USD 4,455.60. How much can I safely pay toward the membership now?",677.36,not_affordable,not_recommended,none,,none,"Do not proceed with the USD 4,455.60 request. Although USD 677.36 is available today, the full amount cannot be completed safely within 90 days."
request_77,user_77,2025-11-05,housing,60700.0,2025-11-14,False,"How much of the rental deposit can I safely pay today? The rental deposit is INR 60,700.",60700.0,affordable_now,full_payment,2025-11-05:60700,2025-11-05,none,"Pay INR 60,700 today. This leaves at least INR 82,200 available over the next 90 days."
request_78,user_78,2025-10-02,purchase,50200.0,2025-10-14,False,"The laptop I'm looking at is INR 50,200. I need to complete it by 14 October 2025. Is the laptop affordable right now, or should I wait?",50200.0,affordable_now,full_payment,2025-10-02:50200,2025-10-02,none,"Pay INR 50,200 today. This leaves at least INR 55,200 available over the next 90 days."
request_79,user_79,2024-09-04,purchase,2151.6,2024-11-01,True,"Can I buy the laptop now without making next month's bills tight? I need to decide by 1 November 2024. I'm considering a EUR 2,151.60 laptop.",332.81,not_affordable,not_recommended,none,,none,"Do not proceed with the EUR 2,151.60 request. Although EUR 332.81 is available today, the full amount cannot be completed safely within 90 days."
request_80,user_80,2025-02-06,debt_repayment,217500.0,2025-02-21,False,"I'm considering paying an extra INR 217,500 off the loan. Can I clear this additional amount without putting upcoming bills at risk?",112545.1,not_affordable,not_recommended,none,,none,"Do not proceed with the INR 217,500 request. Although INR 112,545.10 is available today, the full amount cannot be completed safely within 90 days."
request_81,user_81,2026-07-03,travel,2076.0,2026-07-14,False,"Does paying for the trip now leave enough for the rest of the month? I'm planning a family trip that costs USD 2,076.",2076.0,affordable_now,full_payment,2026-07-03:2076,2026-07-03,none,"Pay USD 2,076 today. This leaves at least USD 1,600 available over the next 90 days."
request_82,user_82,2024-12-05,family_transfer,1405.2,2025-02-15,False,"I've been asked to transfer USD 1,405.20 to my family. I need to complete it by 15 February 2025. Can I make the full transfer without falling short on my own bills?",394.17,affordable_later,wait,2025-02-15:1405.20,2025-02-15,none,"Pay USD 1,405.20 in full on 15 February 2025. Paying earlier would take the balance below the USD 1,100 minimum."
request_83,user_83,2025-05-07,family_transfer,156200.0,2025-06-17,False,"Can I complete this family transfer and still keep my minimum balance? I need to decide by 17 June 2025. I want to send INR 156,200 to my family.",6702.37,not_affordable,not_recommended,none,,none,"Do not proceed with the INR 156,200 request. Although INR 6,702.37 is available today, the full amount cannot be completed safely within 90 days."
request_84,user_84,2026-04-04,education,95400.0,2026-06-15,False,"Enrolment for the course comes to INR 95,400. Would paying the course fee now leave enough for my regular commitments?",29848.22,not_affordable,not_recommended,none,,none,"Do not proceed with the INR 95,400 request. Although INR 29,848.22 is available today, the full amount cannot be completed safely within 90 days."
request_85,user_85,2024-03-06,housing,19304000.0,2024-04-26,False,"Is the deposit affordable now, or do I need more time? I need to pay a IDR 19,304,000 rental deposit.",374061.81,not_affordable,not_recommended,none,,none,"Do not proceed with the IDR 19,304,000 request. Although IDR 374,061.81 is available today, the full amount cannot be completed safely within 90 days."
request_86,user_86,2025-08-03,travel,46300.0,2025-08-22,False,"The current quote for the trip is INR 46,300. I need to complete it by 22 August 2025. Does paying for the trip now leave enough for the rest of the month?",46300.0,affordable_now,full_payment,2025-08-03:46300,2025-08-03,none,"Pay INR 46,300 today. This leaves at least INR 84,900 available over the next 90 days."
request_87,user_87,2026-01-05,other,487900.0,2026-03-15,False,"Would committing to the membership leave enough for my upcoming bills? I need to decide by 15 March 2026. The membership fee is INR 487,900 for the year.",28828.11,not_affordable,not_recommended,none,,none,"Do not proceed with the INR 487,900 request. Although INR 28,828.11 is available today, the full amount cannot be completed safely within 90 days."
request_88,user_88,2024-06-07,housing,26092.0,2024-08-25,False,"I need ZAR 26,092 for the rental deposit. Would paying the full deposit leave enough for my other commitments?",10497.62,affordable_with_plan,installments,2024-06-14:9045.23|2024-07-15:9045.23|2024-08-15:9045.23,2024-07-15,none,"Use 3 installments of ZAR 9,045.23, starting 14 June 2024. This leaves at least ZAR 25,800 available."
request_89,user_89,2025-11-04,other,13756000.0,2026-01-15,False,"Is the full membership fee affordable today, or should I wait? I'm considering a yearly membership for IDR 13,756,000.",9859943.87,not_affordable,not_recommended,none,,none,"Do not proceed with the IDR 13,756,000 request. Although IDR 9,859,943.87 is available today, the full amount cannot be completed safely within 90 days."
request_90,user_90,2026-07-06,debt_repayment,2560.0,2026-09-23,True,"I have ZAR 2,560 in mind as an extra loan payment. I need to complete it by 23 September 2026. Can I clear this additional amount without putting upcoming bills at risk?",2560.0,affordable_now,full_payment,2026-07-06:2560,2026-07-06,none,"Pay ZAR 2,560 today. This leaves at least ZAR 7,600 available over the next 90 days."
request_91,user_91,2024-09-03,emergency_expense,1927.2,2024-11-15,False,"The repair cannot wait. How much can I safely pay today? I need to decide by 15 November 2024. I need to cover an urgent repair of EUR 1,927.20.",399.27,affordable_later,wait,2024-11-15:1927.20,2024-11-15,none,"Pay EUR 1,927.20 in full on 15 November 2024. Paying earlier would take the balance below the EUR 2,100 minimum."
request_92,user_92,2025-02-05,education,34034.0,2025-02-14,False,"I'm considering a professional course priced at ZAR 34,034. Can I pay for the course before enrolment closes?",34034.0,affordable_now,full_payment,2025-02-05:34034,2025-02-05,none,"Pay ZAR 34,034 today. This leaves at least ZAR 28,100 available over the next 90 days."
request_93,user_93,2026-04-07,travel,1729.2,2026-04-14,False,"Can I book the family trip now and still cover my usual expenses? The current quote for the trip is USD 1,729.20.",1729.2,affordable_now,full_payment,2026-04-07:1729.20,2026-04-07,none,"Pay USD 1,729.20 today. This leaves at least USD 1,900 available over the next 90 days."
request_94,user_94,2024-12-04,housing,572.0,2024-12-22,False,The deposit on the place comes to EUR 572. I need to complete it by 22 December 2024. Can I cover this deposit without putting rent and regular bills at risk?,572.0,affordable_now,full_payment,2024-12-04:572,2024-12-04,none,Pay EUR 572 today. This leaves at least EUR 600 available over the next 90 days.
request_95,user_95,2025-05-06,education,553000.0,2025-07-14,False,"How much of the course fee can I manage without cutting into essentials? I need to decide by 14 July 2025. I've been quoted INR 553,000 for the course.",12293.69,not_affordable,not_recommended,none,,none,"Do not proceed with the INR 553,000 request. Although INR 12,293.69 is available today, the full amount cannot be completed safely within 90 days."
request_96,user_96,2026-01-03,purchase,90200.0,2026-03-12,False,"I've been quoted INR 90,200 for the laptop. Would paying for the laptop today leave enough for my regular expenses?",74311.34,affordable_with_plan,installments,2026-01-10:31269.33|2026-02-09:31269.33|2026-03-11:31269.33,2026-02-15,none,"Use 3 installments of INR 31,269.33, starting 10 January 2026. This leaves at least INR 56,500 available."
request_97,user_97,2024-03-05,housing,23496.0,2024-05-24,False,"How much of the rental deposit can I safely pay today? I've been asked to pay ZAR 23,496 as the rental deposit.",1833.87,affordable_with_plan,installments,2024-03-19:8145.28|2024-04-19:8145.28|2024-05-20:8145.28,2024-04-15,none,"Use 3 installments of ZAR 8,145.28, starting 19 March 2024. This leaves at least ZAR 29,700 available."
request_98,user_98,2025-08-07,travel,27148.0,2025-10-15,False,"I've found a travel option for ZAR 27,148. I need to complete it by 15 October 2025. Can I book the family trip now and still cover my usual expenses?",6957.42,not_affordable,not_recommended,none,,none,"Do not proceed with the ZAR 27,148 request. Although ZAR 6,957.42 is available today, the full amount cannot be completed safely within 90 days."
request_99,user_99,2026-07-04,emergency_expense,18062.0,2026-07-14,False,"Would paying the repair bill today take me below the balance I need to keep? I need to decide by 14 July 2026. The repair I need is priced at ZAR 18,062.",16890.9,affordable_with_plan,full_payment,2026-07-04:18062,2026-07-15,reduce_to:event_9232:1065.90,"Reduce the family dinner to ZAR 1,065.90, then pay ZAR 18,062 today. This leaves at least ZAR 49,100 available."
request_100,user_100,2024-06-06,purchase,37114.0,2024-08-16,False,"I'm considering a ZAR 37,114 laptop. How much of the laptop price can I safely cover today?",27631.84,affordable_with_plan,installments,2024-06-13:12866.19|2024-07-14:12866.19|2024-08-14:12866.19,2024-06-15,none,"Use 3 installments of ZAR 12,866.19, starting 13 June 2024. This leaves at least ZAR 32,500 available."
request_101,user_101,2025-11-03,investment,143500.0,2025-11-14,False,"Is it safer to invest now, invest a smaller amount, or wait? I'm considering setting aside INR 143,500 for an investment.",143500.0,affordable_now,full_payment,2025-11-03:143500,2025-11-03,none,"Pay INR 143,500 today. This leaves at least INR 187,400 available over the next 90 days."
request_102,user_102,2026-04-05,purchase,1716.0,2026-06-12,False,"The laptop comes to EUR 1,716. I need to complete it by 12 June 2026. Can I make this purchase without dipping into the balance I want to keep?",1716.0,affordable_with_plan,installments,2026-04-05:594.88|2026-05-05:594.88|2026-06-04:594.88,2026-04-05,none,"Use 3 installments of EUR 594.88, starting 5 April 2026. This leaves at least EUR 900 available."
request_103,user_103,2024-09-07,travel,368300.0,2024-10-07,False,"Can I book the family trip now and still cover my usual expenses? I need to decide by 7 October 2024. The total trip cost is INR 368,300.",1095.3,not_affordable,not_recommended,none,,none,"Do not proceed with the INR 368,300 request. Although INR 1,095.30 is available today, the full amount cannot be completed safely within 90 days."
request_104,user_104,2025-02-04,purchase,17204.0,2025-04-15,False,"The laptop costs ZAR 17,204. Can I buy the laptop now without making next month's bills tight?",17204.0,affordable_now,full_payment,2025-02-04:17204,2025-02-04,none,"Pay ZAR 17,204 today. This leaves at least ZAR 24,700 available over the next 90 days."
request_105,user_105,2026-06-08,debt_repayment,53500.0,2026-06-14,False,"Can I clear this additional amount without putting upcoming bills at risk? I'm planning an extra loan payment of INR 53,500.",47294.06,not_affordable,not_recommended,none,,none,"Do not proceed with the INR 53,500 request. Although INR 47,294.06 is available today, the full amount cannot be completed safely within 90 days."
request_106,user_106,2024-12-03,education,2207.7,2025-02-15,False,"I'm considering a professional course priced at EUR 2,207.70. I need to complete it by 15 February 2025. Is it safe to cover the full course fee by the deadline?",440.12,affordable_later,wait,2025-02-15:2207.70,2025-02-15,none,"Pay EUR 2,207.70 in full on 15 February 2025. Paying earlier would take the balance below the EUR 1,200 minimum."
request_107,user_107,2025-05-05,housing,2534.4,2025-07-04,False,"How much of the rental deposit can I safely pay today? I need to decide by 4 July 2025. The landlord has asked for a deposit of EUR 2,534.40.",2436.35,not_affordable,not_recommended,none,,none,"Do not proceed with the EUR 2,534.40 request. Although EUR 2,436.35 is available today, the full amount cannot be completed safely within 90 days."
request_108,user_108,2026-07-07,education,55308.0,2026-07-26,False,"The course I want to take is ZAR 55,308. Should I pay for the course now, use installments, or wait?",2317.45,not_affordable,not_recommended,none,,none,"Do not proceed with the ZAR 55,308 request. Although ZAR 2,317.45 is available today, the full amount cannot be completed safely within 90 days."
request_109,user_109,2024-03-04,family_transfer,1863.4,2024-05-26,False,"Would sending the money now leave enough for my upcoming expenses? The amount I want to send is EUR 1,863.40.",555.89,affordable_with_plan,installments,2024-03-18:645.98|2024-04-18:645.98|2024-05-19:645.98,2024-05-15,none,"Use 3 installments of EUR 645.98, starting 18 March 2024. This leaves at least EUR 1,700 available."
request_110,user_110,2025-08-06,family_transfer,22352.0,2025-10-11,False,"I've been asked to transfer ZAR 22,352 to my family. I need to complete it by 11 October 2025. How much can I safely send to my family today?",22352.0,affordable_with_plan,installments,2025-08-06:7748.69|2025-09-03:7748.69|2025-10-01:7748.69,2025-08-06,none,"Use 3 installments of ZAR 7,748.69, starting 6 August 2025. This leaves at least ZAR 11,200 available."
request_111,user_111,2026-04-03,debt_repayment,16625000.0,2026-05-02,False,"Is the full extra repayment safe, or should I pay a smaller amount? I need to decide by 2 May 2026. I have IDR 16,625,000 in mind as an extra loan payment.",16625000.0,affordable_now,full_payment,2026-04-03:16625000,2026-04-03,none,"Pay IDR 16,625,000 today. This leaves at least IDR 23,022,800 available over the next 90 days."
request_112,user_112,2024-06-05,family_transfer,271.7,2024-06-14,False,My family needs a transfer of EUR 271.70. Can I make the full transfer without falling short on my own bills?,271.7,affordable_now,full_payment,2024-06-05:271.70,2024-06-05,none,Pay EUR 271.70 today. This leaves at least EUR 500 available over the next 90 days.
request_113,user_113,2026-09-04,debt_repayment,36500.0,2026-10-19,True,"How much extra can I put toward the loan today? I want to put another INR 36,500 toward my loan.",26934.65,not_affordable,not_recommended,none,,none,"Do not proceed with the INR 36,500 request. Although INR 26,934.65 is available today, the full amount cannot be completed safely within 90 days."
request_114,user_114,2026-01-04,other,65300.0,2026-01-14,False,"The annual membership costs INR 65,300. I need to complete it by 14 January 2026. Is the full membership fee affordable today, or should I wait?",60008.81,not_affordable,not_recommended,none,,none,"Do not proceed with the INR 65,300 request. Although INR 60,008.81 is available today, the full amount cannot be completed safely within 90 days."
request_115,user_115,2024-09-06,other,80500.0,2024-11-15,False,"Can I pay for the annual membership now without affecting my regular expenses? I need to decide by 15 November 2024. The membership fee is INR 80,500 for the year.",14552.2,affordable_later,wait,2024-11-15:80500,2024-11-15,none,"Pay INR 80,500 in full on 15 November 2024. Paying earlier would take the balance below the INR 38,800 minimum."
request_116,user_116,2025-02-03,family_transfer,241200.0,2025-04-16,False,"The amount I want to send is INR 241,200. Should I send the full amount, send part of it, or wait?",7550.39,not_affordable,not_recommended,none,,none,"Do not proceed with the INR 241,200 request. Although INR 7,550.39 is available today, the full amount cannot be completed safely within 90 days."
request_117,user_117,2026-07-05,housing,880.0,2026-07-14,False,"El depósito de alquiler es de EUR 880. ¿Puedo pagarlo hoy sin poner en riesgo mis otros gastos, o debería esperar?",848.69,affordable_with_plan,full_payment,2026-07-05:880,2026-07-15,stop:event_10833|reduce_to:event_10878:20.50,"Stop the family streaming plan and reduce the weekend food delivery to EUR 20.50, then pay EUR 880 today. This leaves at least EUR 1,000 available."
request_118,user_118,2024-12-07,housing,738.1,2025-02-08,False,I've been asked to pay EUR 738.10 as the rental deposit. I need to complete it by 8 February 2025. Would paying the full deposit leave enough for my other commitments?,682.47,affordable_with_plan,installments,2024-12-07:255.87|2025-01-07:255.87|2025-02-07:255.87,2024-12-15,none,"Use 3 installments of EUR 255.87, starting 7 December 2024. This leaves at least EUR 600 available."
request_119,user_119,2025-05-04,education,203500.0,2025-07-17,False,"Would paying the course fee now leave enough for my regular commitments? I need to decide by 17 July 2025. Enrolment for the course comes to INR 203,500.",58565.0,not_affordable,not_recommended,none,,none,"Do not proceed with the INR 203,500 request. Although INR 58,565 is available today, the full amount cannot be completed safely within 90 days."
request_120,user_120,2026-04-06,investment,7714000.0,2026-04-14,False,"I have an opportunity to invest IDR 7,714,000. How much can I invest now without affecting essential payments?",7714000.0,affordable_now,full_payment,2026-04-06:7714000,2026-04-06,none,"Pay IDR 7,714,000 today. This leaves at least IDR 20,050,300 available over the next 90 days."
request_121,user_121,2024-03-03,debt_repayment,633.6,2024-03-14,False,"Is the full extra repayment safe, or should I pay a smaller amount? The additional loan payment would be USD 633.60.",633.6,affordable_now,full_payment,2024-03-03:633.60,2024-03-03,none,Pay USD 633.60 today. This leaves at least USD 800 available over the next 90 days.
request_122,user_122,2025-08-05,other,20558000.0,2025-10-02,False,"The membership fee is IDR 20,558,000 for the year. I need to complete it by 2 October 2025. Would committing to the membership leave enough for my upcoming bills?",20558000.0,affordable_with_plan,installments,2025-08-05:7126773.33|2025-09-02:7126773.33|2025-09-30:7126773.33,2025-08-05,none,"Use 3 installments of IDR 7,126,773.33, starting 5 August 2025. This leaves at least IDR 12,588,500 available."
request_123,user_123,2026-01-07,investment,4076000.0,2026-03-28,True,"What portion can I invest today without going below my minimum balance? I need to decide by 28 March 2026. I'm thinking of investing IDR 4,076,000.",4076000.0,affordable_now,full_payment,2026-01-07:4076000,2026-01-07,none,"Pay IDR 4,076,000 today. This leaves at least IDR 18,091,200 available over the next 90 days."
request_124,user_124,2024-06-04,other,3104.2,2024-08-20,False,"I'm considering a yearly membership for EUR 3,104.20. Is the full membership fee affordable today, or should I wait?",1406.49,affordable_with_plan,installments,2024-06-11:1076.12|2024-07-12:1076.12|2024-08-12:1076.12,2024-07-15,none,"Use 3 installments of EUR 1,076.12, starting 11 June 2024. This leaves at least EUR 1,600 available."
request_125,user_125,2025-11-06,travel,6468.0,2025-11-14,False,"Would it be safer to book the trip now or wait until more money comes in? I can book the family trip for ZAR 6,468.",5957.4,not_affordable,not_recommended,none,,none,"Do not proceed with the ZAR 6,468 request. Although ZAR 5,957.40 is available today, the full amount cannot be completed safely within 90 days."
request_126,user_126,2026-07-03,emergency_expense,159600.0,2026-07-17,False,"I need to cover an urgent repair of INR 159,600. I need to complete it by 17 July 2026. The repair cannot wait. How much can I safely pay today?",159600.0,affordable_now,full_payment,2026-07-03:159600,2026-07-03,none,"Pay INR 159,600 today. This leaves at least INR 129,700 available over the next 90 days."
request_127,user_127,2024-09-05,family_transfer,23980.0,2024-10-18,True,"Can I make the full transfer without falling short on my own bills? I need to decide by 18 October 2024. The transfer I have in mind is ZAR 23,980.",9846.58,affordable_later,wait,2024-10-15:23980,2024-10-15,none,"Pay ZAR 23,980 in full on 15 October 2024. Paying earlier would take the balance below the ZAR 41,000 minimum."
request_128,user_128,2025-02-07,education,25168.0,2025-02-14,False,"I need ZAR 25,168 for the course fee. Should I pay for the course now, use installments, or wait?",25168.0,affordable_now,full_payment,2025-02-07:25168,2025-02-07,none,"Pay ZAR 25,168 today. This leaves at least ZAR 42,600 available over the next 90 days."
request_129,user_129,2026-04-04,education,2668.8,2026-06-18,False,"Would paying the course fee now leave enough for my regular commitments? The course I want to take is USD 2,668.80.",153.17,not_affordable,not_recommended,none,,none,"Do not proceed with the USD 2,668.80 request. Although USD 153.17 is available today, the full amount cannot be completed safely within 90 days."
request_130,user_130,2024-12-06,family_transfer,1978.8,2025-02-15,False,"The amount I want to send is USD 1,978.80. I need to complete it by 15 February 2025. How much can I safely send to my family today?",405.41,affordable_later,wait,2025-02-15:1978.80,2025-02-15,none,"Pay USD 1,978.80 in full on 15 February 2025. Paying earlier would take the balance below the USD 1,400 minimum."
request_131,user_131,2025-05-03,education,1855.2,2025-07-08,True,"Is it safe to cover the full course fee by the deadline? I need to decide by 8 July 2025. The professional course costs USD 1,855.20.",1160.55,affordable_with_plan,installments,2025-05-06:643.14|2025-06-03:643.14|2025-07-01:643.14,2025-06-23,none,"Use 3 installments of USD 643.14, starting 6 May 2025. This leaves at least USD 1,100 available."
request_132,user_132,2026-01-05,family_transfer,379.86,2026-02-25,True,I want to send USD 379.86 to my family. Can I make the full transfer without falling short on my own bills?,345.71,not_affordable,not_recommended,none,,none,"Do not proceed with the USD 379.86 request. Although USD 345.71 is available today, the full amount cannot be completed safely within 90 days."
request_133,user_133,2024-03-07,purchase,15770000.0,2024-03-29,False,"Is the laptop affordable right now, or should I wait? I've found a laptop for IDR 15,770,000.",15770000.0,affordable_with_plan,full_payment,2024-03-07:15770000,2024-03-07,reduce_to:event_12280:265050,"Reduce the neighbourhood restaurant to IDR 265,050, then pay IDR 15,770,000 today. This leaves at least IDR 9,986,200 available."
request_134,user_134,2025-08-04,purchase,21831000.0,2025-10-15,False,"The laptop I'm looking at is IDR 21,831,000. I need to complete it by 15 October 2025. Can I buy the laptop now without making next month's bills tight?",4469014.82,affordable_later,wait,2025-10-15:21831000,2025-10-15,none,"Pay IDR 21,831,000 in full on 15 October 2025. Paying earlier would take the balance below the IDR 15,902,500 minimum."
request_135,user_135,2026-07-06,housing,304.8,2026-07-14,True,"Is the deposit affordable now, or do I need more time? I need to decide by 14 July 2026. The landlord has asked for a deposit of USD 304.80.",273.59,affordable_with_plan,full_payment,2026-07-06:304.80,2026-07-15,stop:event_12413|reduce_to:event_12458:17.50,"Stop the video streaming plan and reduce the lunch with colleagues to USD 17.50, then pay USD 304.80 today. This leaves at least USD 500 available."
request_136,user_136,2024-06-03,education,560.4,2024-06-14,True,The course I want to take is USD 560.40. Is it safe to cover the full course fee by the deadline?,560.4,affordable_now,full_payment,2024-06-03:560.40,2024-06-03,none,"Pay USD 560.40 today. This leaves at least USD 1,100 available over the next 90 days."
request_137,user_137,2025-11-05,purchase,80100.0,2026-01-15,False,"Can I make this purchase without dipping into the balance I want to keep? The laptop comes to INR 80,100.",30468.28,affordable_later,wait,2026-01-15:80100,2026-01-15,none,"Pay INR 80,100 in full on 15 January 2026. Paying earlier would take the balance below the INR 71,800 minimum."
request_138,user_138,2026-04-07,purchase,1256.94,2026-06-05,True,"I've been quoted EUR 1,256.94 for the laptop. I need to complete it by 5 June 2026. Is the laptop affordable right now, or should I wait?",861.61,affordable_with_plan,partial_payment,2026-04-07:861.61|2026-04-15:395.33,2026-04-15,none,"Pay EUR 861.61 today and the remaining EUR 395.33 on 15 April 2026. This completes the full request and keeps the EUR 2,300 minimum protected."
request_139,user_139,2024-09-04,housing,2316.0,2024-11-17,False,"Can I cover this deposit without putting rent and regular bills at risk? I need to decide by 17 November 2024. I've been asked to pay USD 2,316 as the rental deposit.",1278.14,affordable_with_plan,installments,2024-09-07:802.88|2024-10-08:802.88|2024-11-08:802.88,2024-10-15,none,"Use 3 installments of USD 802.88, starting 7 September 2024. This leaves at least USD 1,500 available."
request_140,user_140,2025-02-06,emergency_expense,62832.0,2025-03-04,False,"I need to cover an urgent repair of ZAR 62,832. Should I pay for the repair in full, split the payment, or wait?",1622.98,not_affordable,not_recommended,none,,none,"Do not proceed with the ZAR 62,832 request. Although ZAR 1,622.98 is available today, the full amount cannot be completed safely within 90 days."
request_141,user_141,2026-01-03,other,171600.0,2026-02-12,True,"How much can I safely pay toward the membership now? I've been offered the annual membership for INR 171,600.",21398.42,not_affordable,not_recommended,none,,none,"Do not proceed with the INR 171,600 request. Although INR 21,398.42 is available today, the full amount cannot be completed safely within 90 days."
request_142,user_142,2024-12-05,investment,1263.6,2025-02-04,True,"The amount I would like to invest is USD 1,263.60. I need to complete it by 4 February 2025. Can I make the full investment and still keep enough cash available?",1263.6,affordable_now,full_payment,2024-12-05:1263.60,2024-12-05,none,"Pay USD 1,263.60 today. This leaves at least USD 1,700 available over the next 90 days."
request_143,user_143,2025-05-07,emergency_expense,12584.0,2025-07-15,False,"Can I cover the full repair now and still manage my essential expenses? I need to decide by 15 July 2025. The latest estimate for the repair is ZAR 12,584.",2653.42,affordable_later,wait,2025-07-15:12584,2025-07-15,none,"Pay ZAR 12,584 in full on 15 July 2025. Paying earlier would take the balance below the ZAR 11,300 minimum."
request_144,user_144,2026-07-04,investment,233.34,2026-07-26,True,I'm thinking of investing USD 233.34. Would investing this amount leave my upcoming bills covered?,233.34,affordable_now,full_payment,2026-07-04:233.34,2026-07-04,none,Pay USD 233.34 today. This leaves at least USD 600 available over the next 90 days.
request_145,user_145,2024-03-06,travel,217400.0,2024-05-26,True,"Would it be safer to book the trip now or wait until more money comes in? The total trip cost is INR 217,400.",36201.43,not_affordable,not_recommended,none,,none,"Do not proceed with the INR 217,400 request. Although INR 36,201.43 is available today, the full amount cannot be completed safely within 90 days."
request_146,user_146,2025-08-03,housing,449400.0,2025-10-17,True,"I've been asked to pay INR 449,400 as the rental deposit. I need to complete it by 17 October 2025. Can I pay the rental deposit by the requested date?",14054.86,not_affordable,not_recommended,none,,none,"Do not proceed with the INR 449,400 request. Although INR 14,054.86 is available today, the full amount cannot be completed safely within 90 days."
request_147,user_147,2026-04-05,travel,1129.7,2026-06-07,True,"Can I afford the full trip without putting upcoming bills at risk? I need to decide by 7 June 2026. I've found a travel option for EUR 1,129.70.",535.96,affordable_with_plan,installments,2026-04-08:391.63|2026-05-08:391.63|2026-06-07:391.63,2026-05-15,none,"Use 3 installments of EUR 391.63, starting 8 April 2026. This leaves at least EUR 900 available."
request_148,user_148,2024-06-07,purchase,22242.0,2024-08-18,True,"The laptop I'm looking at is ZAR 22,242. Is the laptop affordable right now, or should I wait?",7665.48,not_affordable,not_recommended,none,,none,"Do not proceed with the ZAR 22,242 request. Although ZAR 7,665.48 is available today, the full amount cannot be completed safely within 90 days."
request_149,user_149,2025-11-04,travel,36652.0,2026-01-19,False,"How much can I safely put toward the booking today? The current quote for the trip is ZAR 36,652.",24545.82,affordable_with_plan,installments,2025-11-18:12706.03|2025-12-16:12706.03|2026-01-13:12706.03,2025-12-15,none,"Use 3 installments of ZAR 12,706.03, starting 18 November 2025. This leaves at least ZAR 42,100 available."
request_150,user_150,2026-01-06,education,496.1,2026-03-16,False,The course I want to take is EUR 496.10. I need to complete it by 16 March 2026. How much of the course fee can I manage without cutting into essentials?,291.11,affordable_with_plan,installments,2026-01-06:171.98|2026-02-05:171.98|2026-03-07:171.98,2026-02-15,none,"Use 3 installments of EUR 171.98, starting 6 January 2026. This leaves at least EUR 700 available."
request_151,user_151,2024-09-03,housing,26999000.0,2024-09-14,False,"Can I pay the rental deposit by the requested date? I need to decide by 14 September 2024. I need IDR 26,999,000 for the rental deposit.",26999000.0,affordable_now,full_payment,2024-09-03:26999000,2024-09-03,none,"Pay IDR 26,999,000 today. This leaves at least IDR 31,633,600 available over the next 90 days."
request_152,user_152,2025-02-05,emergency_expense,13882.0,2025-04-13,False,"I've received a repair quote for ZAR 13,882. What is the most I can put toward this repair right now?",11035.96,not_affordable,not_recommended,none,,none,"Do not proceed with the ZAR 13,882 request. Although ZAR 11,035.96 is available today, the full amount cannot be completed safely within 90 days."
request_153,user_153,2026-07-07,purchase,2830.8,2026-09-24,False,"Is the laptop affordable right now, or should I wait? The laptop costs USD 2,830.80.",84.67,not_affordable,not_recommended,none,,none,"Do not proceed with the USD 2,830.80 request. Although USD 84.67 is available today, the full amount cannot be completed safely within 90 days."
request_154,user_154,2024-12-04,travel,1625.8,2025-02-14,False,"I've found a travel option for EUR 1,625.80. I need to complete it by 14 February 2025. How much can I safely put toward the booking today?",1625.8,affordable_with_plan,installments,2024-12-04:563.61|2025-01-04:563.61|2025-02-04:563.61,2024-12-04,none,"Use 3 installments of EUR 563.61, starting 4 December 2024. This leaves at least EUR 1,300 available."
request_155,user_155,2025-05-06,purchase,112500.0,2025-05-20,False,"How much of the laptop price can I safely cover today? I need to decide by 20 May 2025. The laptop I'm looking at is INR 112,500.",112500.0,affordable_now,full_payment,2025-05-06:112500,2025-05-06,none,"Pay INR 112,500 today. This leaves at least INR 56,300 available over the next 90 days."
request_156,user_156,2026-04-03,education,43076.0,2026-06-15,False,"I need ZAR 43,076 for the course fee. Is it safe to cover the full course fee by the deadline?",9334.86,affordable_later,wait,2026-06-15:43076,2026-06-15,none,"Pay ZAR 43,076 in full on 15 June 2026. Paying earlier would take the balance below the ZAR 26,900 minimum."
request_157,user_157,2024-03-05,investment,23503000.0,2024-05-15,True,"Can I make the full investment and still keep enough cash available? I'm considering setting aside IDR 23,503,000 for an investment.",4352610.76,affordable_later,wait,2024-05-15:23503000,2024-05-15,none,"Pay IDR 23,503,000 in full on 15 May 2024. Paying earlier would take the balance below the IDR 15,714,100 minimum."
request_158,user_158,2025-08-07,emergency_expense,242600.0,2025-10-02,False,"The urgent repair will cost INR 242,600. I need to complete it by 2 October 2025. Can I cover the full repair now and still manage my essential expenses?",242600.0,affordable_with_plan,installments,2025-08-07:84101.33|2025-09-04:84101.33|2025-10-02:84101.33,2025-08-07,none,"Use 3 installments of INR 84,101.33, starting 7 August 2025. This leaves at least INR 131,400 available."
request_159,user_159,2026-01-04,investment,13398.0,2026-03-20,True,"Would investing this amount leave my upcoming bills covered? I need to decide by 20 March 2026. The investment I'm considering is ZAR 13,398.",13398.0,affordable_now,full_payment,2026-01-04:13398,2026-01-04,none,"Pay ZAR 13,398 today. This leaves at least ZAR 8,700 available over the next 90 days."
request_160,user_160,2024-06-06,travel,1246.3,2024-08-20,True,"I can book the family trip for EUR 1,246.30. Would it be safer to book the trip now or wait until more money comes in?",574.47,affordable_with_plan,installments,2024-06-13:432.05|2024-07-14:432.05|2024-08-14:432.05,2024-07-15,none,"Use 3 installments of EUR 432.05, starting 13 June 2024. This leaves at least EUR 1,200 available."
request_161,user_161,2025-11-03,debt_repayment,21204000.0,2026-01-15,False,"Is the full extra repayment safe, or should I pay a smaller amount? I'm planning an extra loan payment of IDR 21,204,000.",6845704.21,not_affordable,not_recommended,none,,none,"Do not proceed with the IDR 21,204,000 request. Although IDR 6,845,704.21 is available today, the full amount cannot be completed safely within 90 days."
request_162,user_162,2026-07-05,other,83923000.0,2026-08-26,False,"I've been offered the annual membership for IDR 83,923,000. I need to complete it by 26 August 2026. Would committing to the membership leave enough for my upcoming bills?",1159061.72,not_affordable,not_recommended,none,,none,"Do not proceed with the IDR 83,923,000 request. Although IDR 1,159,061.72 is available today, the full amount cannot be completed safely within 90 days."
request_163,user_163,2024-09-07,other,19304000.0,2024-11-15,False,"Can I take the membership and still keep my minimum balance intact? I need to decide by 15 November 2024. The annual membership costs IDR 19,304,000.",8968712.45,not_affordable,not_recommended,none,,none,"Do not proceed with the IDR 19,304,000 request. Although IDR 8,968,712.45 is available today, the full amount cannot be completed safely within 90 days."
request_164,user_164,2025-02-04,other,27018000.0,2025-04-15,False,"The membership fee is IDR 27,018,000 for the year. Is the full membership fee affordable today, or should I wait?",27018000.0,affordable_with_plan,installments,2025-02-11:9366240.00|2025-03-11:9366240.00|2025-04-08:9366240.00,2025-02-04,none,"Use 3 installments of IDR 9,366,240, starting 11 February 2025. This leaves at least IDR 29,550,500 available."
request_165,user_165,2026-04-06,travel,80600.0,2026-04-21,True,"Would it be safer to book the trip now or wait until more money comes in? I'm planning a family trip that costs INR 80,600.",80600.0,affordable_now,full_payment,2026-04-06:80600,2026-04-06,none,"Pay INR 80,600 today. This leaves at least INR 95,000 available over the next 90 days."
request_166,user_166,2024-12-03,other,2907.6,2025-02-05,False,"I'm considering a yearly membership for USD 2,907.60. I need to complete it by 5 February 2025. How much can I safely pay toward the membership now?",2907.6,affordable_with_plan,installments,2024-12-03:1007.97|2025-01-03:1007.97|2025-02-03:1007.97,2024-12-03,none,"Use 3 installments of USD 1,007.97, starting 3 December 2024. This leaves at least USD 1,700 available."
request_167,user_167,2025-05-05,housing,43802.0,2025-05-31,False,"How much of the rental deposit can I safely pay today? I need to decide by 31 May 2025. I've been asked to pay ZAR 43,802 as the rental deposit.",43802.0,affordable_now,full_payment,2025-05-05:43802,2025-05-05,none,"Pay ZAR 43,802 today. This leaves at least ZAR 31,200 available over the next 90 days."
request_168,user_168,2026-01-07,housing,49380.0,2026-03-16,True,"The rental deposit is INR 49,380. Would paying the full deposit leave enough for my other commitments?",36227.55,not_affordable,not_recommended,none,,none,"Do not proceed with the INR 49,380 request. Although INR 36,227.55 is available today, the full amount cannot be completed safely within 90 days."
request_169,user_169,2024-03-04,education,41976.0,2024-05-16,False,"Would paying the course fee now leave enough for my regular commitments? I'm considering a professional course priced at ZAR 41,976.",41976.0,affordable_now,full_payment,2024-03-04:41976,2024-03-04,none,"Pay ZAR 41,976 today. This leaves at least ZAR 18,700 available over the next 90 days."
request_170,user_170,2025-08-06,other,36936000.0,2025-10-04,False,"The annual membership costs IDR 36,936,000. I need to complete it by 4 October 2025. Can I pay for the annual membership now without affecting my regular expenses?",30183194.4,affordable_with_plan,installments,2025-08-06:12804480.00|2025-09-03:12804480.00|2025-10-01:12804480.00,2025-09-15,none,"Use 3 installments of IDR 12,804,480, starting 6 August 2025. This leaves at least IDR 24,715,800 available."
request_171,user_171,2026-07-03,investment,1878.8,2026-09-10,False,"Is it safer to invest now, invest a smaller amount, or wait? I need to decide by 10 September 2026. I'm considering setting aside EUR 1,878.80 for an investment.",30.56,not_affordable,not_recommended,none,,none,"Do not proceed with the EUR 1,878.80 request. Although EUR 30.56 is available today, the full amount cannot be completed safely within 90 days."
request_172,user_172,2024-06-05,education,10200.0,2024-07-15,True,"I've been quoted ZAR 10,200 for the course. Can I pay for the course before enrolment closes?",10200.0,affordable_with_plan,installments,2024-06-05:5304.00|2024-07-03:5304.00,2024-06-05,none,"Use 2 installments of ZAR 5,304, starting 5 June 2024. This leaves at least ZAR 27,200 available."
request_173,user_173,2025-11-07,family_transfer,113000.0,2026-01-17,True,"Can I complete this family transfer and still keep my minimum balance? I've been asked to transfer INR 113,000 to my family.",56006.44,not_affordable,not_recommended,none,,none,"Do not proceed with the INR 113,000 request. Although INR 56,006.44 is available today, the full amount cannot be completed safely within 90 days."
request_174,user_174,2026-04-04,investment,1146.2,2026-06-07,False,"I want to put EUR 1,146.20 into an investment. I need to complete it by 7 June 2026. Would investing this amount leave my upcoming bills covered?",1119.51,affordable_with_plan,installments,2026-04-04:397.35|2026-05-04:397.35|2026-06-03:397.35,2026-04-04,none,"Use 3 installments of EUR 397.35, starting 4 April 2026. This leaves at least EUR 700 available."
request_175,user_175,2024-09-06,emergency_expense,2346.3,2024-10-01,False,"Should I pay for the repair in full, split the payment, or wait? I need to decide by 1 October 2024. I need to cover an urgent repair of EUR 2,346.30.",2346.3,affordable_now,full_payment,2024-09-06:2346.30,2024-09-06,none,"Pay EUR 2,346.30 today. This leaves at least EUR 1,700 available over the next 90 days."
request_176,user_176,2025-02-03,travel,1239.7,2025-02-27,False,"The family trip will cost EUR 1,239.70. Does paying for the trip now leave enough for the rest of the month?",382.51,not_affordable,not_recommended,none,,none,"Do not proceed with the EUR 1,239.70 request. Although EUR 382.51 is available today, the full amount cannot be completed safely within 90 days."
request_177,user_177,2026-01-05,emergency_expense,1017.6,2026-01-25,False,"What is the most I can put toward this repair right now? I have an unexpected repair bill of USD 1,017.60.",1017.6,affordable_now,full_payment,2026-01-05:1017.60,2026-01-05,none,"Pay USD 1,017.60 today. This leaves at least USD 1,300 available over the next 90 days."
request_178,user_178,2024-12-07,investment,2938.1,2025-02-12,False,"I'm considering setting aside EUR 2,938.10 for an investment. I need to complete it by 12 February 2025. What portion can I invest today without going below my minimum balance?",2938.1,affordable_with_plan,installments,2024-12-07:1018.54|2025-01-07:1018.54|2025-02-07:1018.54,2024-12-07,none,"Use 3 installments of EUR 1,018.54, starting 7 December 2024. This leaves at least EUR 1,400 available."
request_179,user_179,2025-05-04,debt_repayment,41648000.0,2025-07-15,False,"Would paying this much toward the loan leave enough for the rest of the month? I need to decide by 15 July 2025. I would like to repay an additional IDR 41,648,000.",6458243.33,affordable_later,wait,2025-07-15:41648000,2025-07-15,none,"Pay IDR 41,648,000 in full on 15 July 2025. Paying earlier would take the balance below the IDR 41,430,800 minimum."
request_180,user_180,2026-07-06,debt_repayment,66500.0,2026-09-02,True,"The extra repayment I'm considering is INR 66,500. Can I clear this additional amount without putting upcoming bills at risk?",66500.0,affordable_now,full_payment,2026-07-06:66500,2026-07-06,none,"Pay INR 66,500 today. This leaves at least INR 37,300 available over the next 90 days."
request_181,user_181,2024-03-03,investment,5059.2,2024-04-07,False,"Is it safer to invest now, invest a smaller amount, or wait? I want to put USD 5,059.20 into an investment.",436.32,not_affordable,not_recommended,none,,none,"Do not proceed with the USD 5,059.20 request. Although USD 436.32 is available today, the full amount cannot be completed safely within 90 days."
request_182,user_182,2025-08-05,debt_repayment,65714.0,2025-09-26,False,"I'm planning an extra loan payment of ZAR 65,714. I need to complete it by 26 September 2025. Can I make the extra loan payment now without affecting essential expenses?",65714.0,affordable_now,full_payment,2025-08-05:65714,2025-08-05,none,"Pay ZAR 65,714 today. This leaves at least ZAR 31,100 available over the next 90 days."
request_183,user_183,2026-04-07,emergency_expense,26866000.0,2026-06-18,False,"Can I cover the full repair now and still manage my essential expenses? I need to decide by 18 June 2026. The repair I need is priced at IDR 26,866,000.",23941196.43,not_affordable,not_recommended,none,,none,"Do not proceed with the IDR 26,866,000 request. Although IDR 23,941,196.43 is available today, the full amount cannot be completed safely within 90 days."
request_184,user_184,2024-06-04,debt_repayment,251900.0,2024-07-30,False,"The additional loan payment would be INR 251,900. Would paying this much toward the loan leave enough for the rest of the month?",12197.66,not_affordable,not_recommended,none,,none,"Do not proceed with the INR 251,900 request. Although INR 12,197.66 is available today, the full amount cannot be completed safely within 90 days."
request_185,user_185,2025-11-06,travel,1257.3,2026-01-15,True,"Would it be safer to book the trip now or wait until more money comes in? The booking comes to EUR 1,257.30.",379.69,affordable_later,wait,2026-01-15:1257.30,2026-01-15,none,"Pay EUR 1,257.30 in full on 15 January 2026. Paying earlier would take the balance below the EUR 1,300 minimum."
request_186,user_186,2026-01-03,investment,26554.0,2026-03-15,False,"I'm thinking of investing ZAR 26,554. I need to complete it by 15 March 2026. Is it safer to invest now, invest a smaller amount, or wait?",4995.75,not_affordable,not_recommended,none,,none,"Do not proceed with the ZAR 26,554 request. Although ZAR 4,995.75 is available today, the full amount cannot be completed safely within 90 days."
request_187,user_187,2024-09-05,other,187500.0,2024-11-15,True,"Would committing to the membership leave enough for my upcoming bills? I need to decide by 15 November 2024. I'm considering a yearly membership for INR 187,500.",38384.36,affordable_later,wait,2024-11-15:187500,2024-11-15,none,"Pay INR 187,500 in full on 15 November 2024. Paying earlier would take the balance below the INR 128,300 minimum."
request_188,user_188,2025-02-07,family_transfer,2464.0,2025-03-04,False,"I want to send EUR 2,464 to my family. Can I complete this family transfer and still keep my minimum balance?",85.46,not_affordable,not_recommended,none,,none,"Do not proceed with the EUR 2,464 request. Although EUR 85.46 is available today, the full amount cannot be completed safely within 90 days."
request_189,user_189,2026-07-04,debt_repayment,488.4,2026-08-14,True,Would paying this much toward the loan leave enough for the rest of the month? I'm planning an extra loan payment of EUR 488.40.,488.4,affordable_now,full_payment,2026-07-04:488.40,2026-07-04,none,Pay EUR 488.40 today. This leaves at least EUR 400 available over the next 90 days.
request_190,user_190,2024-12-06,purchase,2557.5,2025-02-15,True,"The laptop I'm looking at is EUR 2,557.50. I need to complete it by 15 February 2025. How much of the laptop price can I safely cover today?",528.67,affordable_later,wait,2025-02-15:2557.50,2025-02-15,none,"Pay EUR 2,557.50 in full on 15 February 2025. Paying earlier would take the balance below the EUR 1,600 minimum."
request_191,user_191,2025-05-03,investment,664.4,2025-07-17,False,"Is it safer to invest now, invest a smaller amount, or wait? I need to decide by 17 July 2025. The amount I would like to invest is EUR 664.40.",664.4,affordable_now,full_payment,2025-05-03:664.40,2025-05-03,none,Pay EUR 664.40 today. This leaves at least EUR 500 available over the next 90 days.
request_192,user_192,2026-04-05,education,2046.0,2026-05-11,False,"The course I want to take is USD 2,046. Can I pay for the course before enrolment closes?",210.43,not_affordable,not_recommended,none,,none,"Do not proceed with the USD 2,046 request. Although USD 210.43 is available today, the full amount cannot be completed safely within 90 days."
request_193,user_193,2024-03-07,other,1212.2,2024-05-28,False,"Can I take the membership and still keep my minimum balance intact? The annual plan comes to EUR 1,212.20.",23.01,affordable_with_plan,installments,2024-03-21:420.23|2024-04-21:420.23|2024-05-22:420.23,2024-05-15,none,"Use 3 installments of EUR 420.23, starting 21 March 2024. This leaves at least EUR 1,000 available."
request_194,user_194,2025-08-04,housing,132800.0,2025-10-23,False,"The move requires a INR 132,800 deposit. I need to complete it by 23 October 2025. Can I cover this deposit without putting rent and regular bills at risk?",39279.33,affordable_later,wait,2025-10-23:132800,2025-10-23,none,"Pay INR 132,800 in full on 23 October 2025. Paying earlier would take the balance below the INR 113,600 minimum."
request_195,user_195,2026-01-06,purchase,1170.4,2026-03-11,True,"How much of the laptop price can I safely cover today? I need to decide by 11 March 2026. The laptop costs EUR 1,170.40.",1035.8,affordable_with_plan,installments,2026-01-09:405.74|2026-02-08:405.74|2026-03-10:405.74,2026-01-15,none,"Use 3 installments of EUR 405.74, starting 9 January 2026. This leaves at least EUR 700 available."
request_196,user_196,2024-06-03,purchase,762.3,2024-07-05,False,I've found a laptop for EUR 762.30. Would paying for the laptop today leave enough for my regular expenses?,762.3,affordable_now,full_payment,2024-06-03:762.30,2024-06-03,none,Pay EUR 762.30 today. This leaves at least EUR 500 available over the next 90 days.
request_197,user_197,2025-11-05,family_transfer,50939000.0,2026-01-21,True,"Can I make the full transfer without falling short on my own bills? The transfer I have in mind is IDR 50,939,000.",50939000.0,affordable_with_plan,full_payment,2025-11-05:50939000,2025-11-05,stop:event_18125,"Stop the audio streaming plan, then pay IDR 50,939,000 today. This leaves at least IDR 26,245,900 available."
request_198,user_198,2026-07-07,education,185800.0,2026-09-21,True,"I need INR 185,800 for the course fee. I need to complete it by 21 September 2026. Should I pay for the course now, use installments, or wait?",185800.0,affordable_now,full_payment,2026-07-07:185800,2026-07-07,none,"Pay INR 185,800 today. This leaves at least INR 124,300 available over the next 90 days."
request_199,user_199,2024-09-04,housing,23674000.0,2024-11-10,False,"Can I cover this deposit without putting rent and regular bills at risk? I need to decide by 10 November 2024. The deposit on the place comes to IDR 23,674,000.",23674000.0,affordable_with_plan,installments,2024-09-07:8206986.67|2024-10-08:8206986.67|2024-11-08:8206986.67,2024-09-04,none,"Use 3 installments of IDR 8,206,986.67, starting 7 September 2024. This leaves at least IDR 25,359,500 available."
request_200,user_200,2025-02-06,purchase,21717000.0,2025-04-10,False,"The laptop comes to IDR 21,717,000. How much of the laptop price can I safely cover today?",21717000.0,affordable_now,full_payment,2025-02-06:21717000,2025-02-06,none,"Pay IDR 21,717,000 today. This leaves at least IDR 20,114,600 available over the next 90 days."
request_201,user_201,2026-04-03,debt_repayment,23997000.0,2026-05-16,True,"Is the full extra repayment safe, or should I pay a smaller amount? The extra repayment I'm considering is IDR 23,997,000.",23997000.0,affordable_now,full_payment,2026-04-03:23997000,2026-04-03,none,"Pay IDR 23,997,000 today. This leaves at least IDR 17,304,500 available over the next 90 days."
request_202,user_202,2024-12-05,family_transfer,123900.0,2025-01-14,False,"I want to send INR 123,900 to my family. I need to complete it by 14 January 2025. Can I make the full transfer without falling short on my own bills?",123900.0,affordable_now,full_payment,2024-12-05:123900,2024-12-05,none,"Pay INR 123,900 today. This leaves at least INR 147,800 available over the next 90 days."
request_203,user_203,2025-05-07,emergency_expense,1442.1,2025-07-08,False,"Can I cover the full repair now and still manage my essential expenses? I need to decide by 8 July 2025. I need to cover an urgent repair of EUR 1,442.10.",1442.1,affordable_with_plan,installments,2025-05-10:499.93|2025-06-07:499.93|2025-07-05:499.93,2025-05-07,none,"Use 3 installments of EUR 499.93, starting 10 May 2025. This leaves at least EUR 1,400 available."
request_204,user_204,2026-01-04,housing,588.74,2026-01-31,True,I need to pay a EUR 588.74 rental deposit. Can I cover this deposit without putting rent and regular bills at risk?,588.74,affordable_now,full_payment,2026-01-04:588.74,2026-01-04,none,"Pay EUR 588.74 today. This leaves at least EUR 1,300 available over the next 90 days."
request_205,user_205,2024-03-06,debt_repayment,10621000.0,2024-05-19,True,"Can I clear this additional amount without putting upcoming bills at risk? The additional loan payment would be IDR 10,621,000.",10621000.0,affordable_now,full_payment,2024-03-06:10621000,2024-03-06,none,"Pay IDR 10,621,000 today. This leaves at least IDR 13,994,300 available over the next 90 days."
request_206,user_206,2025-08-03,family_transfer,1404.7,2025-09-29,True,"I need to make a family transfer of EUR 1,404.70. I need to complete it by 29 September 2025. Should I send the full amount, send part of it, or wait?",1404.7,affordable_with_plan,installments,2025-08-03:486.96|2025-08-31:486.96|2025-09-28:486.96,2025-08-03,none,"Use 3 installments of EUR 486.96, starting 3 August 2025. This leaves at least EUR 900 available."
request_207,user_207,2026-07-05,family_transfer,11830.0,2026-07-24,True,"Can I make the full transfer without falling short on my own bills? I need to decide by 24 July 2026. The amount I want to send is ZAR 11,830.",4205.61,affordable_later,wait,2026-07-15:11830,2026-07-15,none,"Pay ZAR 11,830 in full on 15 July 2026. Paying earlier would take the balance below the ZAR 13,600 minimum."
request_208,user_208,2024-06-07,travel,4413000.0,2024-07-13,True,"The total trip cost is IDR 4,413,000. Can I book the family trip now and still cover my usual expenses?",3769831.06,affordable_later,wait,2024-06-15:4413000,2024-06-15,none,"Pay IDR 4,413,000 in full on 15 June 2024. Paying earlier would take the balance below the IDR 10,470,700 minimum."
request_209,user_209,2025-11-04,travel,56914.0,2025-11-25,False,"How much can I safely put toward the booking today? I can book the family trip for ZAR 56,914.",1808.74,not_affordable,not_recommended,none,,none,"Do not proceed with the ZAR 56,914 request. Although ZAR 1,808.74 is available today, the full amount cannot be completed safely within 90 days."
request_210,user_210,2026-04-06,emergency_expense,1360.02,2026-06-23,True,"I need to cover an urgent repair of USD 1,360.02. I need to complete it by 23 June 2026. Should I pay for the repair in full, split the payment, or wait?",965.41,affordable_with_plan,partial_payment,2026-04-06:965.41|2026-04-15:394.61,2026-04-15,none,"Pay USD 965.41 today and the remaining USD 394.61 on 15 April 2026. This completes the full request and keeps the USD 2,000 minimum protected."
request_211,user_211,2024-09-03,other,1788.6,2024-11-15,True,"How much can I safely pay toward the membership now? I need to decide by 15 November 2024. I've been offered the annual membership for EUR 1,788.60.",288.07,affordable_later,wait,2024-11-15:1788.60,2024-11-15,none,"Pay EUR 1,788.60 in full on 15 November 2024. Paying earlier would take the balance below the EUR 1,500 minimum."
request_212,user_212,2025-02-05,other,71934000.0,2025-02-28,True,"The annual membership costs IDR 71,934,000. Would committing to the membership leave enough for my upcoming bills?",7022692.23,not_affordable,not_recommended,none,,none,"Do not proceed with the IDR 71,934,000 request. Although IDR 7,022,692.23 is available today, the full amount cannot be completed safely within 90 days."
request_213,user_213,2026-01-07,family_transfer,3362.4,2026-03-22,False,"Can I complete this family transfer and still keep my minimum balance? I need to make a family transfer of USD 3,362.40.",2756.38,affordable_with_plan,installments,2026-01-21:1165.63|2026-02-20:1165.63|2026-03-22:1165.63,2026-01-07,none,"Use 3 installments of USD 1,165.63, starting 21 January 2026. This leaves at least USD 2,100 available."
request_214,user_214,2024-12-04,other,69750.0,2025-01-28,True,"The annual plan comes to INR 69,750. I need to complete it by 28 January 2025. Is the full membership fee affordable today, or should I wait?",56132.67,not_affordable,not_recommended,none,,none,"Do not proceed with the INR 69,750 request. Although INR 56,132.67 is available today, the full amount cannot be completed safely within 90 days."
request_215,user_215,2025-05-06,investment,29986.0,2025-07-10,True,"How much can I invest now without affecting essential payments? I need to decide by 10 July 2025. The investment I'm considering is ZAR 29,986.",29986.0,affordable_with_plan,installments,2025-05-09:10395.15|2025-06-06:10395.15|2025-07-04:10395.15,2025-05-06,none,"Use 3 installments of ZAR 10,395.15, starting 9 May 2025. This leaves at least ZAR 15,700 available."
request_216,user_216,2026-07-03,travel,3332.4,2026-09-15,False,"I can book the family trip for USD 3,332.40. Does paying for the trip now leave enough for the rest of the month?",472.13,not_affordable,not_recommended,none,,none,"Do not proceed with the USD 3,332.40 request. Although USD 472.13 is available today, the full amount cannot be completed safely within 90 days."
request_217,user_217,2024-03-05,travel,37180.0,2024-05-21,True,"Can I afford the full trip without putting upcoming bills at risk? I've found a travel option for ZAR 37,180.",21082.36,affordable_with_plan,installments,2024-03-19:12889.07|2024-04-19:12889.07|2024-05-20:12889.07,2024-05-15,none,"Use 3 installments of ZAR 12,889.07, starting 19 March 2024. This leaves at least ZAR 26,800 available."
request_218,user_218,2025-08-07,purchase,61142000.0,2025-10-06,False,"The laptop I'm looking at is IDR 61,142,000. I need to complete it by 6 October 2025. Is the laptop affordable right now, or should I wait?",24552135.34,affordable_with_plan,installments,2025-08-07:21195893.33|2025-09-04:21195893.33|2025-10-02:21195893.33,2025-09-15,none,"Use 3 installments of IDR 21,195,893.33, starting 7 August 2025. This leaves at least IDR 34,477,200 available."
request_219,user_219,2026-04-04,education,1673.1,2026-06-13,True,"Would paying the course fee now leave enough for my regular commitments? I need to decide by 13 June 2026. I need EUR 1,673.10 for the course fee.",784.4,affordable_with_plan,installments,2026-04-07:580.01|2026-05-07:580.01|2026-06-06:580.01,2026-05-15,none,"Use 3 installments of EUR 580.01, starting 7 April 2026. This leaves at least EUR 1,100 available."
request_220,user_220,2024-06-06,investment,3118.5,2024-07-03,True,"I'm considering setting aside EUR 3,118.50 for an investment. How much can I invest now without affecting essential payments?",50.71,not_affordable,not_recommended,none,,none,"Do not proceed with the EUR 3,118.50 request. Although EUR 50.71 is available today, the full amount cannot be completed safely within 90 days."
request_221,user_221,2025-11-03,housing,109800.0,2026-01-14,False,"Can I pay the rental deposit by the requested date? I need INR 109,800 for the rental deposit.",109800.0,affordable_now,full_payment,2025-11-03:109800,2025-11-03,none,"Pay INR 109,800 today. This leaves at least INR 81,500 available over the next 90 days."
request_222,user_222,2026-01-05,education,34078.0,2026-03-10,False,"The professional course costs ZAR 34,078. I need to complete it by 10 March 2026. Can I pay for the course before enrolment closes?",34078.0,affordable_now,full_payment,2026-01-05:34078,2026-01-05,none,"Pay ZAR 34,078 today. This leaves at least ZAR 27,300 available over the next 90 days."
request_223,user_223,2024-09-07,purchase,898.7,2024-10-20,True,"Is the laptop affordable right now, or should I wait? I need to decide by 20 October 2024. The laptop costs EUR 898.70.",898.7,affordable_now,full_payment,2024-09-07:898.70,2024-09-07,none,Pay EUR 898.70 today. This leaves at least EUR 800 available over the next 90 days.
request_224,user_224,2025-02-04,travel,10327000.0,2025-03-16,True,"I've found a travel option for IDR 10,327,000. How much can I safely put toward the booking today?",9894269.18,affordable_with_plan,partial_payment,2025-02-04:9894269.18|2025-02-15:432730.82,2025-02-15,none,"Pay IDR 9,894,269.18 today and the remaining IDR 432,730.82 on 15 February 2025. This completes the full request and keeps the IDR 22,187,600 minimum protected."
request_225,user_225,2026-07-06,emergency_expense,22059000.0,2026-09-21,True,"Should I pay for the repair in full, split the payment, or wait? The repair I need is priced at IDR 22,059,000.",10696987.71,affordable_with_plan,installments,2026-07-20:7647120.00|2026-08-19:7647120.00|2026-09-18:7647120.00,2026-09-15,none,"Use 3 installments of IDR 7,647,120, starting 20 July 2026. This leaves at least IDR 17,670,700 available."
request_226,user_226,2024-12-03,other,157000.0,2025-01-15,False,"The annual membership costs INR 157,000. I need to complete it by 15 January 2025. How much can I safely pay toward the membership now?",157000.0,affordable_now,full_payment,2024-12-03:157000,2024-12-03,none,"Pay INR 157,000 today. This leaves at least INR 209,400 available over the next 90 days."
request_227,user_227,2025-05-05,debt_repayment,259700.0,2025-06-20,False,"Can I make the extra loan payment now without affecting essential expenses? I need to decide by 20 June 2025. I'm considering paying an extra INR 259,700 off the loan.",7699.12,not_affordable,not_recommended,none,,none,"Do not proceed with the INR 259,700 request. Although INR 7,699.12 is available today, the full amount cannot be completed safely within 90 days."
request_228,user_228,2026-04-07,investment,63327000.0,2026-04-30,True,"I'm thinking of investing IDR 63,327,000. What portion can I invest today without going below my minimum balance?",1327679.29,not_affordable,not_recommended,none,,none,"Do not proceed with the IDR 63,327,000 request. Although IDR 1,327,679.29 is available today, the full amount cannot be completed safely within 90 days."
request_229,user_229,2024-03-04,travel,1526.8,2024-05-23,False,"How much can I safely put toward the booking today? The total trip cost is EUR 1,526.80.",420.82,not_affordable,not_recommended,none,,none,"Do not proceed with the EUR 1,526.80 request. Although EUR 420.82 is available today, the full amount cannot be completed safely within 90 days."
request_230,user_230,2025-08-06,debt_repayment,3537.6,2025-10-04,False,"I have EUR 3,537.60 in mind as an extra loan payment. I need to complete it by 4 October 2025. Can I clear this additional amount without putting upcoming bills at risk?",3537.6,affordable_now,full_payment,2025-08-06:3537.60,2025-08-06,none,"Pay EUR 3,537.60 today. This leaves at least EUR 2,000 available over the next 90 days."
request_231,user_231,2026-01-03,purchase,35706.0,2026-03-17,True,"Would paying for the laptop today leave enough for my regular expenses? I need to decide by 17 March 2026. I've found a laptop for ZAR 35,706.",32362.43,affordable_with_plan,installments,2026-01-06:12378.08|2026-02-05:12378.08|2026-03-07:12378.08,2026-01-15,none,"Use 3 installments of ZAR 12,378.08, starting 6 January 2026. This leaves at least ZAR 24,300 available."
request_232,user_232,2024-06-05,travel,1970.1,2024-08-15,True,"The family trip will cost EUR 1,970.10. Can I afford the full trip without putting upcoming bills at risk?",617.24,not_affordable,not_recommended,none,,none,"Do not proceed with the EUR 1,970.10 request. Although EUR 617.24 is available today, the full amount cannot be completed safely within 90 days."
request_233,user_233,2025-11-07,housing,6241000.0,2025-12-17,True,"Would paying the full deposit leave enough for my other commitments? The landlord has asked for a deposit of IDR 6,241,000.",3535851.67,not_affordable,not_recommended,none,,none,"Do not proceed with the IDR 6,241,000 request. Although IDR 3,535,851.67 is available today, the full amount cannot be completed safely within 90 days."
request_234,user_234,2026-07-04,debt_repayment,1213.3,2026-09-15,False,"I'm considering paying an extra EUR 1,213.30 off the loan. I need to complete it by 15 September 2026. Would paying this much toward the loan leave enough for the rest of the month?",184.65,affordable_later,wait,2026-09-15:1213.30,2026-09-15,none,"Pay EUR 1,213.30 in full on 15 September 2026. Paying earlier would take the balance below the EUR 700 minimum."
request_235,user_235,2024-09-06,education,967.2,2024-10-25,True,How much of the course fee can I manage without cutting into essentials? I need to decide by 25 October 2024. I've been quoted USD 967.20 for the course.,967.2,affordable_now,full_payment,2024-09-06:967.20,2024-09-06,none,Pay USD 967.20 today. This leaves at least USD 700 available over the next 90 days.
request_236,user_236,2025-02-03,housing,52383000.0,2025-02-23,True,"The move requires a IDR 52,383,000 deposit. Can I pay the rental deposit by the requested date?",6081340.68,not_affordable,not_recommended,none,,none,"Do not proceed with the IDR 52,383,000 request. Although IDR 6,081,340.68 is available today, the full amount cannot be completed safely within 90 days."
request_237,user_237,2026-04-05,other,23826000.0,2026-05-20,False,"Would committing to the membership leave enough for my upcoming bills? Renewing the membership would cost IDR 23,826,000.",23826000.0,affordable_now,full_payment,2026-04-05:23826000,2026-04-05,none,"Pay IDR 23,826,000 today. This leaves at least IDR 22,431,500 available over the next 90 days."
request_238,user_238,2024-12-07,investment,663.6,2025-02-16,False,I'm planning an investment contribution of USD 663.60. I need to complete it by 16 February 2025. What portion can I invest today without going below my minimum balance?,663.6,affordable_with_plan,installments,2024-12-07:230.05|2025-01-07:230.05|2025-02-07:230.05,2024-12-07,none,"Use 3 installments of USD 230.05, starting 7 December 2024. This leaves at least USD 700 available."
request_239,user_239,2025-05-04,investment,642.0,2025-05-24,False,Would investing this amount leave my upcoming bills covered? I need to decide by 24 May 2025. I have an opportunity to invest USD 642.,642.0,affordable_now,full_payment,2025-05-04:642,2025-05-04,none,Pay USD 642 today. This leaves at least USD 600 available over the next 90 days.
request_240,user_240,2026-01-06,travel,101200.0,2026-03-20,True,"The current quote for the trip is INR 101,200. Would it be safer to book the trip now or wait until more money comes in?",14534.05,not_affordable,not_recommended,none,,none,"Do not proceed with the INR 101,200 request. Although INR 14,534.05 is available today, the full amount cannot be completed safely within 90 days."
request_241,user_241,2024-03-03,family_transfer,21052000.0,2024-05-25,False,"Should I send the full amount, send part of it, or wait? I need to make a family transfer of IDR 21,052,000.",21052000.0,affordable_with_plan,installments,2024-03-17:7298026.67|2024-04-17:7298026.67|2024-05-18:7298026.67,2024-03-03,none,"Use 3 installments of IDR 7,298,026.67, starting 17 March 2024. This leaves at least IDR 19,252,000 available."
request_242,user_242,2025-08-05,debt_repayment,1966.8,2025-08-25,False,"I would like to repay an additional EUR 1,966.80. I need to complete it by 25 August 2025. Can I make the extra loan payment now without affecting essential expenses?",41.02,not_affordable,not_recommended,none,,none,"Do not proceed with the EUR 1,966.80 request. Although EUR 41.02 is available today, the full amount cannot be completed safely within 90 days."
request_243,user_243,2026-07-07,emergency_expense,17468.0,2026-08-09,False,"Can I cover the full repair now and still manage my essential expenses? I need to decide by 9 August 2026. I've received a repair quote for ZAR 17,468.",17468.0,affordable_now,full_payment,2026-07-07:17468,2026-07-07,none,"Pay ZAR 17,468 today. This leaves at least ZAR 19,900 available over the next 90 days."
request_244,user_244,2024-06-04,family_transfer,49918.0,2024-07-16,False,"I want to send ZAR 49,918 to my family. Would sending the money now leave enough for my upcoming expenses?",49918.0,affordable_now,full_payment,2024-06-04:49918,2024-06-04,none,"Pay ZAR 49,918 today. This leaves at least ZAR 45,900 available over the next 90 days."
request_245,user_245,2025-11-06,emergency_expense,128500.0,2026-01-15,False,"Should I pay for the repair in full, split the payment, or wait? I need to cover an urgent repair of INR 128,500.",31297.79,not_affordable,not_recommended,none,,none,"Do not proceed with the INR 128,500 request. Although INR 31,297.79 is available today, the full amount cannot be completed safely within 90 days."
request_246,user_246,2026-04-03,education,64086.0,2026-06-02,False,"I'm considering a professional course priced at ZAR 64,086. I need to complete it by 2 June 2026. Is it safe to cover the full course fee by the deadline?",64086.0,affordable_with_plan,installments,2026-04-03:22216.48|2026-05-03:22216.48|2026-06-02:22216.48,2026-04-03,none,"Use 3 installments of ZAR 22,216.48, starting 3 April 2026. This leaves at least ZAR 39,300 available."
request_247,user_247,2024-09-05,family_transfer,1059.3,2024-11-08,True,"Can I make the full transfer without falling short on my own bills? I need to decide by 8 November 2024. I'm planning to send my family EUR 1,059.30.",1059.3,affordable_now,full_payment,2024-09-05:1059.30,2024-09-05,none,"Pay EUR 1,059.30 today. This leaves at least EUR 1,300 available over the next 90 days."
request_248,user_248,2025-02-07,investment,1965.6,2025-04-28,True,"I'm considering setting aside USD 1,965.60 for an investment. What portion can I invest today without going below my minimum balance?",967.25,affordable_with_plan,partial_payment,2025-02-07:967.25|2025-04-15:998.35,2025-04-15,none,"Pay USD 967.25 today and the remaining USD 998.35 on 15 April 2025. This completes the full request and keeps the USD 1,300 minimum protected."
request_249,user_249,2026-01-04,other,643.2,2026-03-15,False,"Is the full membership fee affordable today, or should I wait? The annual plan comes to USD 643.20.",158.97,not_affordable,not_recommended,none,,none,"Do not proceed with the USD 643.20 request. Although USD 158.97 is available today, the full amount cannot be completed safely within 90 days."
request_250,user_250,2024-12-06,debt_repayment,124278.0,2025-01-18,True,"The extra repayment I'm considering is ZAR 124,278. I need to complete it by 18 January 2025. Can I clear this additional amount without putting upcoming bills at risk?",16056.71,not_affordable,not_recommended,none,,none,"Do not proceed with the ZAR 124,278 request. Although ZAR 16,056.71 is available today, the full amount cannot be completed safely within 90 days."
request_251,user_251,2025-05-03,education,1513.6,2025-06-06,False,"Is it safe to cover the full course fee by the deadline? I need to decide by 6 June 2025. The course fee is EUR 1,513.60.",1513.6,affordable_with_plan,full_payment,2025-05-03:1513.60,2025-05-03,stop:event_23061,"Stop the food delivery membership, then pay EUR 1,513.60 today. This leaves at least EUR 1,300 available."
request_252,user_252,2026-07-05,family_transfer,28082000.0,2026-09-15,False,"My family needs a transfer of IDR 28,082,000. Can I make the full transfer without falling short on my own bills?",3553677.74,affordable_later,wait,2026-09-15:28082000,2026-09-15,none,"Pay IDR 28,082,000 in full on 15 September 2026. Paying earlier would take the balance below the IDR 15,152,200 minimum."
request_253,user_253,2024-03-07,housing,2840.2,2024-06-01,False,"Would paying the full deposit leave enough for my other commitments? I need to pay a EUR 2,840.20 rental deposit.",1463.74,affordable_with_plan,installments,2024-03-21:984.60|2024-04-21:984.60|2024-05-22:984.60,2024-05-15,none,"Use 3 installments of EUR 984.60, starting 21 March 2024. This leaves at least EUR 2,300 available."
request_254,user_254,2025-08-04,other,3535.2,2025-10-15,True,"The annual membership costs USD 3,535.20. I need to complete it by 15 October 2025. Is the full membership fee affordable today, or should I wait?",627.67,affordable_later,wait,2025-10-15:3535.20,2025-10-15,none,"Pay USD 3,535.20 in full on 15 October 2025. Paying earlier would take the balance below the USD 2,500 minimum."
request_255,user_255,2026-04-06,family_transfer,3345000.0,2026-06-15,True,"How much can I safely send to my family today? I need to decide by 15 June 2026. I need to make a family transfer of IDR 3,345,000.",1687704.66,affordable_with_plan,partial_payment,2026-04-06:1687704.66|2026-04-06:1657295.34,2026-04-06,none,"Pay IDR 1,687,704.66 today and the remaining IDR 1,657,295.34 on 6 April 2026. This completes the full request and keeps the IDR 9,813,900 minimum protected."
request_256,user_256,2024-06-03,investment,218700.0,2024-08-19,False,"I'm thinking of investing INR 218,700. Is it safer to invest now, invest a smaller amount, or wait?",154879.83,affordable_with_plan,installments,2024-06-10:75816.00|2024-07-11:75816.00|2024-08-11:75816.00,2024-07-15,none,"Use 3 installments of INR 75,816, starting 10 June 2024. This leaves at least INR 168,600 available."
request_257,user_257,2025-11-05,other,1352.4,2026-01-15,False,"Would committing to the membership leave enough for my upcoming bills? I'm considering a yearly membership for USD 1,352.40.",440.5,affordable_later,wait,2026-01-15:1352.40,2026-01-15,none,"Pay USD 1,352.40 in full on 15 January 2026. Paying earlier would take the balance below the USD 1,600 minimum."
request_258,user_258,2026-01-07,investment,1113.6,2026-01-22,True,"I want to put USD 1,113.60 into an investment. I need to complete it by 22 January 2026. What portion can I invest today without going below my minimum balance?",1113.6,affordable_now,full_payment,2026-01-07:1113.60,2026-01-07,none,"Pay USD 1,113.60 today. This leaves at least USD 500 available over the next 90 days."
request_259,user_259,2024-09-04,other,935.0,2024-11-15,False,"Is the full membership fee affordable today, or should I wait? I need to decide by 15 November 2024. The full-year membership is EUR 935.",212.1,affordable_later,wait,2024-11-15:935,2024-11-15,none,Pay EUR 935 in full on 15 November 2024. Paying earlier would take the balance below the EUR 600 minimum.
request_260,user_260,2025-02-06,emergency_expense,52079000.0,2025-04-18,True,"The repair I need is priced at IDR 52,079,000. Should I pay for the repair in full, split the payment, or wait?",7773408.05,not_affordable,not_recommended,none,,none,"Do not proceed with the IDR 52,079,000 request. Although IDR 7,773,408.05 is available today, the full amount cannot be completed safely within 90 days."
request_261,user_261,2026-07-03,housing,1830.4,2026-09-19,False,"Can I pay the rental deposit by the requested date? The landlord has asked for a deposit of EUR 1,830.40.",1830.4,affordable_now,full_payment,2026-07-03:1830.40,2026-07-03,none,"Pay EUR 1,830.40 today. This leaves at least EUR 1,500 available over the next 90 days."
request_262,user_262,2024-12-05,education,9236000.0,2025-01-24,True,"The course I want to take is IDR 9,236,000. I need to complete it by 24 January 2025. Can I pay for the course before enrolment closes?",9236000.0,affordable_now,full_payment,2024-12-05:9236000,2024-12-05,none,"Pay IDR 9,236,000 today. This leaves at least IDR 31,018,500 available over the next 90 days."
request_263,user_263,2025-05-07,education,51546.0,2025-06-15,True,"Should I pay for the course now, use installments, or wait? I need to decide by 15 June 2025. I've been quoted ZAR 51,546 for the course.",6537.64,not_affordable,not_recommended,none,,none,"Do not proceed with the ZAR 51,546 request. Although ZAR 6,537.64 is available today, the full amount cannot be completed safely within 90 days."
request_264,user_264,2026-04-04,emergency_expense,111300.0,2026-06-15,False,"I've received a repair quote for INR 111,300. Would paying the repair bill today take me below the balance I need to keep?",27072.12,affordable_later,wait,2026-06-15:111300,2026-06-15,none,"Pay INR 111,300 in full on 15 June 2026. Paying earlier would take the balance below the INR 59,500 minimum."
request_265,user_265,2024-03-06,family_transfer,45970.0,2024-03-21,True,"How much can I safely send to my family today? I want to send INR 45,970 to my family.",0.0,affordable_later,wait,2024-03-06:45970,2024-03-06,none,"Pay INR 45,970 in full on 6 March 2024. Paying earlier would take the balance below the INR 189,700 minimum."
request_266,user_266,2025-08-03,investment,935.0,2025-10-03,False,"I'm planning an investment contribution of EUR 935. I need to complete it by 3 October 2025. Is it safer to invest now, invest a smaller amount, or wait?",796.05,affordable_with_plan,installments,2025-08-03:324.13|2025-08-31:324.13|2025-09-28:324.13,2025-09-15,none,"Use 3 installments of EUR 324.13, starting 3 August 2025. This leaves at least EUR 900 available."
request_267,user_267,2026-01-05,housing,1925.0,2026-03-17,True,"How much of the rental deposit can I safely pay today? I need to decide by 17 March 2026. I need to pay a EUR 1,925 rental deposit.",1693.76,affordable_with_plan,installments,2026-01-08:667.33|2026-02-07:667.33|2026-03-09:667.33,2026-01-15,none,"Use 3 installments of EUR 667.33, starting 8 January 2026. This leaves at least EUR 1,500 available."
request_268,user_268,2024-06-07,debt_repayment,2426.6,2024-08-15,False,"The additional loan payment would be EUR 2,426.60. How much extra can I put toward the loan today?",1061.93,affordable_with_plan,installments,2024-06-14:841.22|2024-07-15:841.22|2024-08-15:841.22,2024-07-15,none,"Use 3 installments of EUR 841.22, starting 14 June 2024. This leaves at least EUR 1,400 available."
request_269,user_269,2025-11-04,family_transfer,15490.0,2026-01-02,True,"Would sending the money now leave enough for my upcoming expenses? I need to make a family transfer of ZAR 15,490.",9664.79,not_affordable,not_recommended,none,,none,"Do not proceed with the ZAR 15,490 request. Although ZAR 9,664.79 is available today, the full amount cannot be completed safely within 90 days."
request_270,user_270,2026-07-06,investment,3028.8,2026-08-30,False,"I'm thinking of investing USD 3,028.80. I need to complete it by 30 August 2026. How much can I invest now without affecting essential payments?",96.77,not_affordable,not_recommended,none,,none,"Do not proceed with the USD 3,028.80 request. Although USD 96.77 is available today, the full amount cannot be completed safely within 90 days."
request_271,user_271,2024-09-03,travel,91300.0,2024-11-15,False,"Does paying for the trip now leave enough for the rest of the month? I need to decide by 15 November 2024. The total trip cost is INR 91,300.",17917.63,affordable_later,wait,2024-11-15:91300,2024-11-15,none,"Pay INR 91,300 in full on 15 November 2024. Paying earlier would take the balance below the INR 58,200 minimum."
request_272,user_272,2025-02-05,debt_repayment,13585000.0,2025-04-10,False,"I have IDR 13,585,000 in mind as an extra loan payment. Can I make the extra loan payment now without affecting essential expenses?",5420361.49,affordable_with_plan,installments,2025-02-12:4709466.67|2025-03-12:4709466.67|2025-04-09:4709466.67,2025-03-15,none,"Use 3 installments of IDR 4,709,466.67, starting 12 February 2025. This leaves at least IDR 7,508,600 available."
request_273,user_273,2026-04-07,education,15861000.0,2026-06-15,True,"Should I pay for the course now, use installments, or wait? Enrolment for the course comes to IDR 15,861,000.",10948756.31,affordable_with_plan,partial_payment,2026-04-07:10948756.31|2026-04-15:4912243.69,2026-04-15,none,"Pay IDR 10,948,756.31 today and the remaining IDR 4,912,243.69 on 15 April 2026. This completes the full request and keeps the IDR 18,774,600 minimum protected."
request_274,user_274,2024-12-04,debt_repayment,2713.7,2025-02-11,False,"I want to put another EUR 2,713.70 toward my loan. I need to complete it by 11 February 2025. Would paying this much toward the loan leave enough for the rest of the month?",2197.22,affordable_with_plan,installments,2024-12-04:940.75|2025-01-04:940.75|2025-02-04:940.75,2024-12-15,none,"Use 3 installments of EUR 940.75, starting 4 December 2024. This leaves at least EUR 1,800 available."
request_275,user_275,2025-05-06,emergency_expense,15884000.0,2025-07-22,False,"Should I pay for the repair in full, split the payment, or wait? I need to decide by 22 July 2025. I have an unexpected repair bill of IDR 15,884,000.",15884000.0,affordable_now,full_payment,2025-05-06:15884000,2025-05-06,none,"Pay IDR 15,884,000 today. This leaves at least IDR 12,760,100 available over the next 90 days."
