payment_option_id,request_id,payment_method,payment_amount,number_of_payments,payment_frequency_days,total_duration_days,financing_fee,total_payable_amount,is_recommended_option,request_affordability_status
payment_option_01,request_01,full_payment,25256.0,1,30.0,0.0,0.0,25256.0,False,unknown
payment_option_02,request_01,installments,1852.11,15,30.0,420.0,2525.65,27781.65,False,unknown
payment_option_03,request_01,installments,4546.08,6,31.0,155.0,2020.48,27276.48,False,unknown
payment_option_04,request_01,installments,1283.85,24,28.0,644.0,5556.4,30812.4,False,unknown
payment_option_05,request_02,installments,15952906.67,3,30.0,60.0,1840720.01,47858720.01,False,unknown
payment_option_06,request_02,full_payment,46018000.0,1,30.0,0.0,0.0,46018000.0,False,unknown
payment_option_07,request_02,installments,2914473.33,18,31.0,527.0,6442519.94,52460519.94,False,unknown
payment_option_08,request_03,full_payment,5491000.0,1,30.0,0.0,0.0,5491000.0,False,unknown
payment_option_09,request_03,installments,308541.9,21,28.0,560.0,988379.9,6479379.9,False,unknown
payment_option_10,request_03,installments,279125.83,24,31.0,713.0,1208019.92,6699019.92,False,unknown
payment_option_11,request_04,full_payment,12693000.0,1,30.0,0.0,0.0,12693000.0,False,unknown
payment_option_12,request_04,installments,875817.0,15,30.0,420.0,444255.0,13137255.0,False,unknown
payment_option_13,request_05,full_payment,15488.0,1,30.0,0.0,0.0,15488.0,False,unknown
payment_option_14,request_05,installments,980.91,18,31.0,527.0,2168.38,17656.38,False,unknown
payment_option_15,request_05,installments,787.31,24,30.0,690.0,3407.44,18895.44,False,unknown
payment_option_16,request_06,full_payment,620.4,1,30.0,0.0,0.0,620.4,False,unknown
payment_option_17,request_06,installments,34.86,21,28.0,560.0,111.66,732.06,False,unknown
payment_option_18,request_06,installments,111.67,6,30.0,150.0,49.62,670.02,False,unknown
payment_option_19,request_07,installments,68432.0,3,28.0,56.0,7896.0,205296.0,False,unknown
payment_option_20,request_07,full_payment,197400.0,1,30.0,0.0,0.0,197400.0,False,unknown
payment_option_21,request_07,installments,14476.0,15,30.0,420.0,19740.0,217140.0,False,unknown
payment_option_22,request_08,full_payment,996.6,1,30.0,0.0,0.0,996.6,False,unknown
payment_option_23,request_08,installments,63.12,18,31.0,527.0,139.56,1136.16,False,unknown
payment_option_24,request_09,full_payment,166.61,1,30.0,0.0,0.0,166.61,False,unknown
payment_option_25,request_09,installments,8.22,21,28.0,560.0,6.01,172.62,False,unknown
payment_option_26,request_09,installments,7.29,24,31.0,713.0,8.35,174.96,False,unknown
payment_option_27,request_10,full_payment,266700.0,1,30.0,0.0,0.0,266700.0,False,unknown
payment_option_28,request_10,installments,19558.0,15,30.0,420.0,26670.0,293370.0,False,unknown
payment_option_29,request_11,full_payment,13110000.0,1,30.0,0.0,0.0,13110000.0,False,unknown
payment_option_30,request_11,installments,830300.0,18,31.0,527.0,1835400.0,14945400.0,False,unknown
payment_option_31,request_11,installments,2359800.0,6,28.0,140.0,1048800.0,14158800.0,False,unknown
payment_option_32,request_11,installments,666425.0,24,30.0,690.0,2884200.0,15994200.0,False,unknown
payment_option_33,request_12,installments,22590.19,3,31.0,62.0,2606.57,67770.57,False,unknown
payment_option_34,request_12,full_payment,65164.0,1,30.0,0.0,0.0,65164.0,False,unknown
payment_option_35,request_12,installments,3661.6,21,28.0,560.0,11729.6,76893.6,False,unknown
payment_option_36,request_13,full_payment,941.6,1,30.0,0.0,0.0,941.6,False,unknown
payment_option_37,request_13,installments,69.05,15,30.0,420.0,94.15,1035.75,False,unknown
payment_option_38,request_13,installments,47.86,24,28.0,644.0,207.04,1148.64,False,unknown
payment_option_39,request_14,full_payment,5414.2,1,30.0,0.0,0.0,5414.2,False,unknown
payment_option_40,request_14,installments,342.9,18,31.0,527.0,758.0,6172.2,False,unknown
payment_option_41,request_15,full_payment,3685.0,1,30.0,0.0,0.0,3685.0,False,unknown
payment_option_42,request_15,installments,207.06,21,28.0,560.0,663.26,4348.26,False,unknown
payment_option_43,request_15,installments,187.32,24,31.0,713.0,810.68,4495.68,False,unknown
payment_option_44,request_16,full_payment,122500.0,1,30.0,0.0,0.0,122500.0,False,unknown
payment_option_45,request_16,installments,8983.33,15,30.0,420.0,12249.95,134749.95,False,unknown
payment_option_46,request_16,installments,22050.0,6,31.0,155.0,9800.0,132300.0,False,unknown
payment_option_47,request_17,installments,95194.67,3,30.0,60.0,10984.01,285584.01,False,unknown
payment_option_48,request_17,full_payment,274600.0,1,30.0,0.0,0.0,274600.0,False,unknown
payment_option_49,request_17,installments,17391.33,18,31.0,527.0,38443.94,313043.94,False,unknown
payment_option_50,request_18,full_payment,3246.1,1,30.0,0.0,0.0,3246.1,False,unknown
payment_option_51,request_18,installments,182.4,21,28.0,560.0,584.3,3830.4,False,unknown
payment_option_52,request_19,full_payment,39660.0,1,30.0,0.0,0.0,39660.0,False,unknown
payment_option_53,request_19,installments,20623.2,2,28.0,28.0,1586.4,41246.4,False,unknown
payment_option_54,request_19,installments,14013.2,3,31.0,62.0,2379.6,42039.6,False,unknown
payment_option_55,request_20,full_payment,303700.0,1,30.0,0.0,0.0,303700.0,False,unknown
payment_option_56,request_20,installments,19234.33,18,31.0,527.0,42517.94,346217.94,False,unknown
payment_option_57,request_21,full_payment,1574.4,1,30.0,0.0,0.0,1574.4,False,unknown
payment_option_58,request_21,installments,88.47,21,28.0,560.0,283.47,1857.87,False,unknown
payment_option_59,request_21,installments,283.39,6,30.0,150.0,125.94,1700.34,False,unknown
payment_option_60,request_21,installments,80.03,24,31.0,713.0,346.32,1920.72,False,unknown
payment_option_61,request_22,installments,253.59,3,28.0,56.0,29.27,760.77,False,unknown
payment_option_62,request_22,full_payment,731.5,1,30.0,0.0,0.0,731.5,False,unknown
payment_option_63,request_22,installments,53.64,15,30.0,420.0,73.1,804.6,False,unknown
payment_option_64,request_23,full_payment,38016.0,1,30.0,0.0,0.0,38016.0,False,unknown
payment_option_65,request_23,installments,2407.68,18,31.0,527.0,5322.24,43338.24,False,unknown
payment_option_66,request_23,installments,1932.48,24,30.0,690.0,8363.52,46379.52,False,unknown
payment_option_67,request_24,full_payment,109600.0,1,30.0,0.0,0.0,109600.0,False,unknown
payment_option_68,request_24,installments,6158.48,21,28.0,560.0,19728.08,129328.08,False,unknown
payment_option_69,request_25,full_payment,60496000.0,1,30.0,0.0,0.0,60496000.0,False,unknown
payment_option_70,request_25,installments,4436373.33,15,30.0,420.0,6049599.95,66545599.95,False,unknown
payment_option_71,request_25,installments,3075213.33,24,28.0,644.0,13309119.92,73805119.92,False,unknown
payment_option_72,request_26,full_payment,15656000.0,1,30.0,0.0,0.0,15656000.0,True,affordable_now
payment_option_73,request_26,installments,1148106.67,15,30.0,420.0,1565600.05,17221600.05,False,affordable_now
payment_option_74,request_26,installments,2818080.0,6,31.0,155.0,1252480.0,16908480.0,False,affordable_now
payment_option_75,request_26,installments,795846.67,24,28.0,644.0,3444320.08,19100320.08,False,affordable_now
payment_option_76,request_27,full_payment,6670.0,1,30.0,0.0,0.0,6670.0,True,affordable_now
payment_option_77,request_27,installments,383.53,18,31.0,527.0,233.54,6903.54,False,affordable_now
payment_option_78,request_28,full_payment,1302.4,1,30.0,0.0,0.0,1302.4,False,affordable_later
payment_option_79,request_28,installments,73.18,21,28.0,560.0,234.38,1536.78,False,affordable_later
payment_option_80,request_28,installments,66.21,24,31.0,713.0,286.64,1589.04,False,affordable_later
payment_option_81,request_29,full_payment,51524.0,1,30.0,0.0,0.0,51524.0,False,not_affordable
payment_option_82,request_29,installments,3778.43,15,30.0,420.0,5152.45,56676.45,False,not_affordable
payment_option_83,request_30,installments,268.74,3,30.0,60.0,31.02,806.22,True,affordable_with_plan
payment_option_84,request_30,full_payment,775.2,1,30.0,0.0,0.0,775.2,False,affordable_with_plan
payment_option_85,request_30,installments,49.1,18,31.0,527.0,108.6,883.8,True,affordable_with_plan
payment_option_86,request_31,full_payment,18164000.0,1,30.0,0.0,0.0,18164000.0,False,affordable_later
payment_option_87,request_31,installments,1020643.81,21,28.0,560.0,3269520.01,21433520.01,False,affordable_later
payment_option_88,request_32,full_payment,40018.0,1,30.0,0.0,0.0,40018.0,False,affordable_later
payment_option_89,request_32,installments,2934.65,15,30.0,420.0,4001.75,44019.75,False,affordable_later
payment_option_90,request_32,installments,2034.25,24,28.0,644.0,8804.0,48822.0,False,affordable_later
payment_option_91,request_33,full_payment,118000.0,1,30.0,0.0,0.0,118000.0,False,affordable_later
payment_option_92,request_33,installments,7473.33,18,31.0,527.0,16519.94,134519.94,False,affordable_later
payment_option_93,request_34,full_payment,129400.0,1,30.0,0.0,0.0,129400.0,True,affordable_now
payment_option_94,request_34,installments,7271.05,21,28.0,560.0,23292.05,152692.05,False,affordable_now
payment_option_95,request_34,installments,23292.0,6,30.0,150.0,10352.0,139752.0,False,affordable_now
payment_option_96,request_34,installments,6577.83,24,31.0,713.0,28467.92,157867.92,False,affordable_now
payment_option_97,request_35,full_payment,212000.0,1,30.0,0.0,0.0,212000.0,False,affordable_later
payment_option_98,request_35,installments,15546.67,15,30.0,420.0,21200.05,233200.05,False,affordable_later
payment_option_99,request_36,full_payment,3954.0,1,30.0,0.0,0.0,3954.0,False,affordable_later
payment_option_100,request_36,installments,250.42,18,31.0,527.0,553.56,4507.56,False,affordable_later
payment_option_101,request_36,installments,201.0,24,30.0,690.0,870.0,4824.0,False,affordable_later
payment_option_102,request_37,full_payment,14649000.0,1,30.0,0.0,0.0,14649000.0,False,affordable_later
payment_option_103,request_37,installments,823134.29,21,28.0,560.0,2636820.09,17285820.09,False,affordable_later
payment_option_104,request_38,full_payment,971.3,1,30.0,0.0,0.0,971.3,False,affordable_later
payment_option_105,request_38,installments,71.23,15,30.0,420.0,97.15,1068.45,False,affordable_later
payment_option_106,request_38,installments,49.37,24,28.0,644.0,213.58,1184.88,False,affordable_later
payment_option_107,request_39,full_payment,208600.0,1,30.0,0.0,0.0,208600.0,False,not_affordable
payment_option_108,request_39,installments,13211.33,18,31.0,527.0,29203.94,237803.94,False,not_affordable
payment_option_109,request_40,full_payment,1290.3,1,30.0,0.0,0.0,1290.3,False,not_affordable
payment_option_110,request_40,installments,72.5,21,28.0,560.0,232.2,1522.5,False,not_affordable
payment_option_111,request_40,installments,65.59,24,31.0,713.0,283.86,1574.16,False,not_affordable
payment_option_112,request_41,full_payment,38760000.0,1,30.0,0.0,0.0,38760000.0,False,not_affordable
payment_option_113,request_41,installments,2842400.0,15,30.0,420.0,3876000.0,42636000.0,False,not_affordable
payment_option_114,request_42,full_payment,52100.0,1,30.0,0.0,0.0,52100.0,True,affordable_now
payment_option_115,request_42,installments,3299.67,18,31.0,527.0,7294.06,59394.06,False,affordable_now
payment_option_116,request_42,installments,2648.42,24,30.0,690.0,11462.08,63562.08,False,affordable_now
payment_option_117,request_43,full_payment,43339000.0,1,30.0,0.0,0.0,43339000.0,False,affordable_later
payment_option_118,request_43,installments,2435239.05,21,28.0,560.0,7801020.05,51140020.05,False,affordable_later
payment_option_119,request_44,full_payment,95800.0,1,30.0,0.0,0.0,95800.0,False,not_affordable
payment_option_120,request_44,installments,7025.33,15,30.0,420.0,9579.95,105379.95,False,not_affordable
payment_option_121,request_44,installments,4869.83,24,28.0,644.0,21075.92,116875.92,False,not_affordable
payment_option_122,request_45,full_payment,21983000.0,1,30.0,0.0,0.0,21983000.0,False,affordable_later
payment_option_123,request_45,installments,1392256.67,18,31.0,527.0,3077620.06,25060620.06,False,affordable_later
payment_option_124,request_46,full_payment,49450.0,1,30.0,0.0,0.0,49450.0,False,affordable_with_plan
payment_option_125,request_46,installments,25714.0,2,28.0,28.0,1978.0,51428.0,False,affordable_with_plan
payment_option_126,request_46,installments,17472.34,3,31.0,62.0,2967.02,52417.02,False,affordable_with_plan
payment_option_127,request_47,full_payment,38114000.0,1,30.0,0.0,0.0,38114000.0,True,affordable_now
payment_option_128,request_47,installments,2795026.67,15,30.0,420.0,3811400.05,41925400.05,False,affordable_now
payment_option_129,request_48,full_payment,45700.0,1,30.0,0.0,0.0,45700.0,True,affordable_now
payment_option_130,request_48,installments,2894.33,18,31.0,527.0,6397.94,52097.94,False,affordable_now
payment_option_131,request_48,installments,8226.0,6,28.0,140.0,3656.0,49356.0,False,affordable_now
payment_option_132,request_48,installments,2323.08,24,30.0,690.0,10053.92,55753.92,False,affordable_now
payment_option_133,request_49,installments,11902106.67,3,31.0,62.0,1373320.01,35706320.01,False,not_affordable
payment_option_134,request_49,full_payment,34333000.0,1,30.0,0.0,0.0,34333000.0,False,not_affordable
payment_option_135,request_49,installments,1929187.62,21,28.0,560.0,6179940.02,40512940.02,False,not_affordable
payment_option_136,request_50,full_payment,43900.0,1,30.0,0.0,0.0,43900.0,True,affordable_now
payment_option_137,request_50,installments,3219.33,15,30.0,420.0,4389.95,48289.95,False,affordable_now
payment_option_138,request_50,installments,7902.0,6,31.0,155.0,3512.0,47412.0,False,affordable_now
payment_option_139,request_50,installments,2231.58,24,28.0,644.0,9657.92,53557.92,False,affordable_now
payment_option_140,request_51,full_payment,2191000.0,1,30.0,0.0,0.0,2191000.0,True,affordable_now
payment_option_141,request_51,installments,125982.5,18,31.0,527.0,76685.0,2267685.0,False,affordable_now
payment_option_142,request_52,full_payment,28870.0,1,30.0,0.0,0.0,28870.0,False,affordable_later
payment_option_143,request_52,installments,1422.88,21,28.0,560.0,1010.48,29880.48,False,affordable_later
payment_option_144,request_52,installments,1263.07,24,31.0,713.0,1443.68,30313.68,False,affordable_later
payment_option_145,request_53,installments,589.06,3,28.0,56.0,67.98,1767.18,True,affordable_with_plan
payment_option_146,request_53,full_payment,1699.2,1,30.0,0.0,0.0,1699.2,False,affordable_with_plan
payment_option_147,request_53,installments,124.61,15,30.0,420.0,169.95,1869.15,True,affordable_with_plan
payment_option_148,request_54,full_payment,121528.0,1,30.0,0.0,0.0,121528.0,False,not_affordable
payment_option_149,request_54,installments,7696.77,18,31.0,527.0,17013.86,138541.86,False,not_affordable
payment_option_150,request_54,installments,6177.67,24,30.0,690.0,26736.08,148264.08,False,not_affordable
payment_option_151,request_55,installments,75781.33,3,31.0,62.0,8743.99,227343.99,True,affordable_with_plan
payment_option_152,request_55,full_payment,218600.0,1,30.0,0.0,0.0,218600.0,False,affordable_with_plan
payment_option_153,request_55,installments,12283.24,21,28.0,560.0,39348.04,257948.04,True,affordable_with_plan
payment_option_154,request_56,full_payment,881.56,1,30.0,0.0,0.0,881.56,False,affordable_with_plan
payment_option_155,request_56,installments,458.42,2,28.0,28.0,35.28,916.84,False,affordable_with_plan
payment_option_156,request_56,installments,311.49,3,28.0,56.0,52.91,934.47,False,affordable_with_plan
payment_option_157,request_57,full_payment,61446.0,1,30.0,0.0,0.0,61446.0,False,affordable_later
payment_option_158,request_57,installments,3891.58,18,31.0,527.0,8602.44,70048.44,False,affordable_later
payment_option_159,request_58,full_payment,16226000.0,1,30.0,0.0,0.0,16226000.0,True,affordable_now
payment_option_160,request_58,installments,911746.67,21,28.0,560.0,2920680.07,19146680.07,False,affordable_now
payment_option_161,request_58,installments,2920680.0,6,30.0,150.0,1298080.0,17524080.0,False,affordable_now
payment_option_162,request_58,installments,824821.67,24,31.0,713.0,3569720.08,19795720.08,False,affordable_now
payment_option_163,request_59,installments,48741.33,3,28.0,56.0,5623.99,146223.99,True,affordable_with_plan
payment_option_164,request_59,full_payment,140600.0,1,30.0,0.0,0.0,140600.0,False,affordable_with_plan
payment_option_165,request_59,installments,10310.67,15,30.0,420.0,14060.05,154660.05,True,affordable_with_plan
payment_option_166,request_60,full_payment,199.89,1,30.0,0.0,0.0,199.89,False,not_affordable
payment_option_167,request_60,installments,11.5,18,31.0,527.0,7.11,207.0,False,not_affordable
payment_option_168,request_60,installments,8.75,24,30.0,690.0,10.11,210.0,False,not_affordable
payment_option_169,request_61,installments,10074.83,3,31.0,62.0,1162.49,30224.49,True,affordable_with_plan
payment_option_170,request_61,full_payment,29062.0,1,30.0,0.0,0.0,29062.0,False,affordable_with_plan
payment_option_171,request_61,installments,1633.01,21,28.0,560.0,5231.21,34293.21,True,affordable_with_plan
payment_option_172,request_62,full_payment,404.23,1,30.0,0.0,0.0,404.23,True,affordable_now
payment_option_173,request_62,installments,27.9,15,30.0,420.0,14.27,418.5,False,affordable_now
payment_option_174,request_62,installments,17.69,24,28.0,644.0,20.33,424.56,False,affordable_now
payment_option_175,request_63,full_payment,343900.0,1,30.0,0.0,0.0,343900.0,False,not_affordable
payment_option_176,request_63,installments,21780.33,18,31.0,527.0,48145.94,392045.94,False,not_affordable
payment_option_177,request_64,installments,22082.67,3,31.0,62.0,2548.01,66248.01,False,not_affordable
payment_option_178,request_64,full_payment,63700.0,1,30.0,0.0,0.0,63700.0,False,not_affordable
payment_option_179,request_64,installments,3579.33,21,28.0,560.0,11465.93,75165.93,False,not_affordable
payment_option_180,request_65,full_payment,54340.0,1,30.0,0.0,0.0,54340.0,False,not_affordable
payment_option_181,request_65,installments,3984.93,15,30.0,420.0,5433.95,59773.95,False,not_affordable
payment_option_182,request_66,full_payment,22200.0,1,30.0,0.0,0.0,22200.0,True,affordable_now
payment_option_183,request_66,installments,1276.5,18,31.0,527.0,777.0,22977.0,False,affordable_now
payment_option_184,request_66,installments,971.25,24,30.0,690.0,1110.0,23310.0,False,affordable_now
payment_option_185,request_67,full_payment,2094.0,1,30.0,0.0,0.0,2094.0,False,affordable_later
payment_option_186,request_67,installments,117.66,21,28.0,560.0,376.86,2470.86,False,affordable_later
payment_option_187,request_68,installments,725.09,3,28.0,56.0,83.67,2175.27,True,affordable_with_plan
payment_option_188,request_68,full_payment,2091.6,1,30.0,0.0,0.0,2091.6,False,affordable_with_plan
payment_option_189,request_68,installments,153.38,15,30.0,420.0,209.1,2300.7,True,affordable_with_plan
payment_option_190,request_69,full_payment,529.1,1,30.0,0.0,0.0,529.1,True,affordable_now
payment_option_191,request_69,installments,33.51,18,31.0,527.0,74.08,603.18,False,affordable_now
payment_option_192,request_69,installments,95.24,6,28.0,140.0,42.34,571.44,False,affordable_now
payment_option_193,request_70,full_payment,243900.0,1,30.0,0.0,0.0,243900.0,False,affordable_later
payment_option_194,request_70,installments,13704.86,21,28.0,560.0,43902.06,287802.06,False,affordable_later
payment_option_195,request_70,installments,12398.25,24,31.0,713.0,53658.0,297558.0,False,affordable_later
payment_option_196,request_71,full_payment,21451000.0,1,30.0,0.0,0.0,21451000.0,False,not_affordable
payment_option_197,request_71,installments,1573073.33,15,30.0,420.0,2145099.95,23596099.95,False,not_affordable
payment_option_198,request_72,full_payment,11330.0,1,30.0,0.0,0.0,11330.0,True,affordable_now
payment_option_199,request_72,installments,717.57,18,31.0,527.0,1586.26,12916.26,False,affordable_now
payment_option_200,request_72,installments,2039.4,6,28.0,140.0,906.4,12236.4,False,affordable_now
payment_option_201,request_72,installments,575.94,24,30.0,690.0,2492.56,13822.56,False,affordable_now
payment_option_202,request_73,full_payment,71400.0,1,30.0,0.0,0.0,71400.0,True,affordable_now
payment_option_203,request_73,installments,4012.0,21,28.0,560.0,12852.0,84252.0,False,affordable_now
payment_option_204,request_73,installments,12852.0,6,30.0,150.0,5712.0,77112.0,False,affordable_now
payment_option_205,request_74,full_payment,5010.0,1,30.0,0.0,0.0,5010.0,True,affordable_now
payment_option_206,request_74,installments,345.69,15,30.0,420.0,175.35,5185.35,False,affordable_now
payment_option_207,request_74,installments,219.19,24,28.0,644.0,250.56,5260.56,False,affordable_now
payment_option_208,request_75,installments,9800.27,3,30.0,60.0,1130.81,29400.81,True,affordable_with_plan
payment_option_209,request_75,full_payment,28270.0,1,30.0,0.0,0.0,28270.0,False,affordable_with_plan
payment_option_210,request_75,installments,1790.43,18,31.0,527.0,3957.74,32227.74,True,affordable_with_plan
payment_option_211,request_76,full_payment,4455.6,1,30.0,0.0,0.0,4455.6,False,not_affordable
payment_option_212,request_76,installments,250.36,21,28.0,560.0,801.96,5257.56,False,not_affordable
payment_option_213,request_76,installments,226.49,24,31.0,713.0,980.16,5435.76,False,not_affordable
payment_option_214,request_77,full_payment,60700.0,1,30.0,0.0,0.0,60700.0,True,affordable_now
payment_option_215,request_77,installments,4451.33,15,30.0,420.0,6069.95,66769.95,False,affordable_now
payment_option_216,request_77,installments,10926.0,6,31.0,155.0,4856.0,65556.0,False,affordable_now
payment_option_217,request_78,full_payment,50200.0,1,30.0,0.0,0.0,50200.0,True,affordable_now
payment_option_218,request_78,installments,3179.33,18,31.0,527.0,7027.94,57227.94,False,affordable_now
payment_option_219,request_78,installments,9036.0,6,28.0,140.0,4016.0,54216.0,False,affordable_now
payment_option_220,request_78,installments,2551.83,24,30.0,690.0,11043.92,61243.92,False,affordable_now
payment_option_221,request_79,full_payment,2151.6,1,30.0,0.0,0.0,2151.6,False,not_affordable
payment_option_222,request_79,installments,120.9,21,28.0,560.0,387.3,2538.9,False,not_affordable
payment_option_223,request_80,full_payment,217500.0,1,30.0,0.0,0.0,217500.0,False,not_affordable
payment_option_224,request_80,installments,15950.0,15,30.0,420.0,21750.0,239250.0,False,not_affordable
payment_option_225,request_80,installments,11056.25,24,28.0,644.0,47850.0,265350.0,False,not_affordable
payment_option_226,request_81,full_payment,2076.0,1,30.0,0.0,0.0,2076.0,True,affordable_now
payment_option_227,request_81,installments,131.48,18,31.0,527.0,290.64,2366.64,False,affordable_now
payment_option_228,request_81,installments,373.68,6,28.0,140.0,166.08,2242.08,False,affordable_now
payment_option_229,request_82,full_payment,1405.2,1,30.0,0.0,0.0,1405.2,False,affordable_later
payment_option_230,request_82,installments,78.96,21,28.0,560.0,252.96,1658.16,False,affordable_later
payment_option_231,request_82,installments,71.43,24,31.0,713.0,309.12,1714.32,False,affordable_later
payment_option_232,request_83,full_payment,156200.0,1,30.0,0.0,0.0,156200.0,False,not_affordable
payment_option_233,request_83,installments,11454.67,15,30.0,420.0,15620.05,171820.05,False,not_affordable
payment_option_234,request_84,full_payment,95400.0,1,30.0,0.0,0.0,95400.0,False,not_affordable
payment_option_235,request_84,installments,6042.0,18,31.0,527.0,13356.0,108756.0,False,not_affordable
payment_option_236,request_84,installments,4849.5,24,30.0,690.0,20988.0,116388.0,False,not_affordable
payment_option_237,request_85,full_payment,19304000.0,1,30.0,0.0,0.0,19304000.0,False,not_affordable
payment_option_238,request_85,installments,1084700.95,21,28.0,560.0,3474719.95,22778719.95,False,not_affordable
payment_option_239,request_86,full_payment,46300.0,1,30.0,0.0,0.0,46300.0,True,affordable_now
payment_option_240,request_86,installments,3395.33,15,30.0,420.0,4629.95,50929.95,False,affordable_now
payment_option_241,request_86,installments,8334.0,6,31.0,155.0,3704.0,50004.0,False,affordable_now
payment_option_242,request_86,installments,2353.58,24,28.0,644.0,10185.92,56485.92,False,affordable_now
payment_option_243,request_87,full_payment,487900.0,1,30.0,0.0,0.0,487900.0,False,not_affordable
payment_option_244,request_87,installments,30900.33,18,31.0,527.0,68305.94,556205.94,False,not_affordable
payment_option_245,request_88,installments,9045.23,3,31.0,62.0,1043.69,27135.69,True,affordable_with_plan
payment_option_246,request_88,full_payment,26092.0,1,30.0,0.0,0.0,26092.0,False,affordable_with_plan
payment_option_247,request_88,installments,1466.12,21,28.0,560.0,4696.52,30788.52,True,affordable_with_plan
payment_option_248,request_89,installments,4768746.67,3,28.0,56.0,550240.01,14306240.01,False,not_affordable
payment_option_249,request_89,full_payment,13756000.0,1,30.0,0.0,0.0,13756000.0,False,not_affordable
payment_option_250,request_89,installments,1008773.33,15,30.0,420.0,1375599.95,15131599.95,False,not_affordable
payment_option_251,request_90,full_payment,2560.0,1,30.0,0.0,0.0,2560.0,True,affordable_now
payment_option_252,request_90,installments,147.2,18,31.0,527.0,89.6,2649.6,False,affordable_now
payment_option_253,request_90,installments,112.0,24,30.0,690.0,128.0,2688.0,False,affordable_now
payment_option_254,request_91,full_payment,1927.2,1,30.0,0.0,0.0,1927.2,False,affordable_later
payment_option_255,request_91,installments,108.29,21,28.0,560.0,346.89,2274.09,False,affordable_later
payment_option_256,request_92,full_payment,34034.0,1,30.0,0.0,0.0,34034.0,True,affordable_now
payment_option_257,request_92,installments,2495.83,15,30.0,420.0,3403.45,37437.45,False,affordable_now
payment_option_258,request_92,installments,6126.12,6,31.0,155.0,2722.72,36756.72,False,affordable_now
payment_option_259,request_92,installments,1730.06,24,28.0,644.0,7487.44,41521.44,False,affordable_now
payment_option_260,request_93,full_payment,1729.2,1,30.0,0.0,0.0,1729.2,True,affordable_now
payment_option_261,request_93,installments,109.52,18,31.0,527.0,242.16,1971.36,False,affordable_now
payment_option_262,request_93,installments,311.26,6,28.0,140.0,138.36,1867.56,False,affordable_now
payment_option_263,request_94,full_payment,572.0,1,30.0,0.0,0.0,572.0,True,affordable_now
payment_option_264,request_94,installments,32.14,21,28.0,560.0,102.94,674.94,False,affordable_now
payment_option_265,request_94,installments,102.96,6,30.0,150.0,45.76,617.76,False,affordable_now
payment_option_266,request_94,installments,29.08,24,31.0,713.0,125.92,697.92,False,affordable_now
payment_option_267,request_95,full_payment,553000.0,1,30.0,0.0,0.0,553000.0,False,not_affordable
payment_option_268,request_95,installments,40553.33,15,30.0,420.0,55299.95,608299.95,False,not_affordable
payment_option_269,request_96,installments,31269.33,3,30.0,60.0,3607.99,93807.99,True,affordable_with_plan
payment_option_270,request_96,full_payment,90200.0,1,30.0,0.0,0.0,90200.0,False,affordable_with_plan
payment_option_271,request_96,installments,5712.67,18,31.0,527.0,12628.06,102828.06,True,affordable_with_plan
payment_option_272,request_97,installments,8145.28,3,31.0,62.0,939.84,24435.84,True,affordable_with_plan
payment_option_273,request_97,full_payment,23496.0,1,30.0,0.0,0.0,23496.0,False,affordable_with_plan
payment_option_274,request_97,installments,1320.25,21,28.0,560.0,4229.25,27725.25,True,affordable_with_plan
payment_option_275,request_98,full_payment,27148.0,1,30.0,0.0,0.0,27148.0,False,not_affordable
payment_option_276,request_98,installments,1990.85,15,30.0,420.0,2714.75,29862.75,False,not_affordable
payment_option_277,request_98,installments,1380.02,24,28.0,644.0,5972.48,33120.48,False,not_affordable
payment_option_278,request_99,full_payment,18062.0,1,30.0,0.0,0.0,18062.0,True,affordable_with_plan
payment_option_279,request_99,installments,1143.93,18,31.0,527.0,2528.74,20590.74,False,affordable_with_plan
payment_option_280,request_99,installments,3251.16,6,28.0,140.0,1444.96,19506.96,False,affordable_with_plan
payment_option_281,request_100,installments,12866.19,3,31.0,62.0,1484.57,38598.57,True,affordable_with_plan
payment_option_282,request_100,full_payment,37114.0,1,30.0,0.0,0.0,37114.0,False,affordable_with_plan
payment_option_283,request_100,installments,2085.45,21,28.0,560.0,6680.45,43794.45,True,affordable_with_plan
payment_option_284,request_101,full_payment,143500.0,1,30.0,0.0,0.0,143500.0,True,affordable_now
payment_option_285,request_101,installments,10523.33,15,30.0,420.0,14349.95,157849.95,False,affordable_now
payment_option_286,request_101,installments,25830.0,6,31.0,155.0,11480.0,154980.0,False,affordable_now
payment_option_287,request_102,installments,594.88,3,30.0,60.0,68.64,1784.64,True,affordable_with_plan
payment_option_288,request_102,full_payment,1716.0,1,30.0,0.0,0.0,1716.0,False,affordable_with_plan
payment_option_289,request_102,installments,108.68,18,31.0,527.0,240.24,1956.24,True,affordable_with_plan
payment_option_290,request_103,full_payment,368300.0,1,30.0,0.0,0.0,368300.0,False,not_affordable
payment_option_291,request_103,installments,20694.95,21,28.0,560.0,66293.95,434593.95,False,not_affordable
payment_option_292,request_104,full_payment,17204.0,1,30.0,0.0,0.0,17204.0,True,affordable_now
payment_option_293,request_104,installments,1261.63,15,30.0,420.0,1720.45,18924.45,False,affordable_now
payment_option_294,request_104,installments,874.54,24,28.0,644.0,3784.96,20988.96,False,affordable_now
payment_option_295,request_105,full_payment,53500.0,1,30.0,0.0,0.0,53500.0,False,not_affordable
payment_option_296,request_105,installments,3388.33,18,31.0,527.0,7489.94,60989.94,False,not_affordable
payment_option_297,request_105,installments,9630.0,6,28.0,140.0,4280.0,57780.0,False,not_affordable
payment_option_298,request_106,full_payment,2207.7,1,30.0,0.0,0.0,2207.7,False,affordable_later
payment_option_299,request_106,installments,124.05,21,28.0,560.0,397.35,2605.05,False,affordable_later
payment_option_300,request_106,installments,112.22,24,31.0,713.0,485.58,2693.28,False,affordable_later
payment_option_301,request_107,installments,878.59,3,28.0,56.0,101.37,2635.77,False,not_affordable
payment_option_302,request_107,full_payment,2534.4,1,30.0,0.0,0.0,2534.4,False,not_affordable
payment_option_303,request_107,installments,185.86,15,30.0,420.0,253.5,2787.9,False,not_affordable
payment_option_304,request_108,full_payment,55308.0,1,30.0,0.0,0.0,55308.0,False,not_affordable
payment_option_305,request_108,installments,3502.84,18,31.0,527.0,7743.12,63051.12,False,not_affordable
payment_option_306,request_108,installments,2811.49,24,30.0,690.0,12167.76,67475.76,False,not_affordable
payment_option_307,request_109,installments,645.98,3,31.0,62.0,74.54,1937.94,True,affordable_with_plan
payment_option_308,request_109,full_payment,1863.4,1,30.0,0.0,0.0,1863.4,False,affordable_with_plan
payment_option_309,request_109,installments,104.71,21,28.0,560.0,335.51,2198.91,True,affordable_with_plan
payment_option_310,request_110,installments,7748.69,3,28.0,56.0,894.07,23246.07,True,affordable_with_plan
payment_option_311,request_110,full_payment,22352.0,1,30.0,0.0,0.0,22352.0,False,affordable_with_plan
payment_option_312,request_110,installments,1639.15,15,30.0,420.0,2235.25,24587.25,True,affordable_with_plan
payment_option_313,request_111,full_payment,16625000.0,1,30.0,0.0,0.0,16625000.0,True,affordable_now
payment_option_314,request_111,installments,1052916.67,18,31.0,527.0,2327500.06,18952500.06,False,affordable_now
payment_option_315,request_111,installments,2992500.0,6,28.0,140.0,1330000.0,17955000.0,False,affordable_now
payment_option_316,request_112,full_payment,271.7,1,30.0,0.0,0.0,271.7,True,affordable_now
payment_option_317,request_112,installments,15.27,21,28.0,560.0,48.97,320.67,False,affordable_now
payment_option_318,request_112,installments,48.91,6,30.0,150.0,21.76,293.46,False,affordable_now
payment_option_319,request_112,installments,13.81,24,31.0,713.0,59.74,331.44,False,affordable_now
payment_option_320,request_113,full_payment,36500.0,1,30.0,0.0,0.0,36500.0,False,not_affordable
payment_option_321,request_113,installments,2518.5,15,30.0,420.0,1277.5,37777.5,False,not_affordable
payment_option_322,request_114,full_payment,65300.0,1,30.0,0.0,0.0,65300.0,False,not_affordable
payment_option_323,request_114,installments,4135.67,18,31.0,527.0,9142.06,74442.06,False,not_affordable
payment_option_324,request_114,installments,11754.0,6,28.0,140.0,5224.0,70524.0,False,not_affordable
payment_option_325,request_114,installments,3319.42,24,30.0,690.0,14366.08,79666.08,False,not_affordable
payment_option_326,request_115,full_payment,80500.0,1,30.0,0.0,0.0,80500.0,False,affordable_later
payment_option_327,request_115,installments,4523.33,21,28.0,560.0,14489.93,94989.93,False,affordable_later
payment_option_328,request_116,full_payment,241200.0,1,30.0,0.0,0.0,241200.0,False,not_affordable
payment_option_329,request_116,installments,17688.0,15,30.0,420.0,24120.0,265320.0,False,not_affordable
payment_option_330,request_116,installments,12261.0,24,28.0,644.0,53064.0,294264.0,False,not_affordable
payment_option_331,request_117,full_payment,880.0,1,30.0,0.0,0.0,880.0,True,affordable_with_plan
payment_option_332,request_117,installments,55.73,18,31.0,527.0,123.14,1003.14,False,affordable_with_plan
payment_option_333,request_117,installments,158.4,6,28.0,140.0,70.4,950.4,False,affordable_with_plan
payment_option_334,request_118,installments,255.87,3,31.0,62.0,29.51,767.61,True,affordable_with_plan
payment_option_335,request_118,full_payment,738.1,1,30.0,0.0,0.0,738.1,False,affordable_with_plan
payment_option_336,request_118,installments,41.47,21,28.0,560.0,132.77,870.87,True,affordable_with_plan
payment_option_337,request_119,installments,70546.67,3,28.0,56.0,8140.01,211640.01,False,not_affordable
payment_option_338,request_119,full_payment,203500.0,1,30.0,0.0,0.0,203500.0,False,not_affordable
payment_option_339,request_119,installments,14923.33,15,30.0,420.0,20349.95,223849.95,False,not_affordable
payment_option_340,request_120,full_payment,7714000.0,1,30.0,0.0,0.0,7714000.0,True,affordable_now
payment_option_341,request_120,installments,488553.33,18,31.0,527.0,1079959.94,8793959.94,False,affordable_now
payment_option_342,request_120,installments,1388520.0,6,28.0,140.0,617120.0,8331120.0,False,affordable_now
payment_option_343,request_120,installments,392128.33,24,30.0,690.0,1697079.92,9411079.92,False,affordable_now
payment_option_344,request_121,full_payment,633.6,1,30.0,0.0,0.0,633.6,True,affordable_now
payment_option_345,request_121,installments,35.6,21,28.0,560.0,114.0,747.6,False,affordable_now
payment_option_346,request_121,installments,114.05,6,30.0,150.0,50.7,684.3,False,affordable_now
payment_option_347,request_122,installments,7126773.33,3,28.0,56.0,822319.99,21380319.99,True,affordable_with_plan
payment_option_348,request_122,full_payment,20558000.0,1,30.0,0.0,0.0,20558000.0,False,affordable_with_plan
payment_option_349,request_122,installments,1507586.67,15,30.0,420.0,2055800.05,22613800.05,True,affordable_with_plan
payment_option_350,request_123,full_payment,4076000.0,1,30.0,0.0,0.0,4076000.0,True,affordable_now
payment_option_351,request_123,installments,234370.0,18,31.0,527.0,142660.0,4218660.0,False,affordable_now
payment_option_352,request_124,installments,1076.12,3,31.0,62.0,124.16,3228.36,True,affordable_with_plan
payment_option_353,request_124,full_payment,3104.2,1,30.0,0.0,0.0,3104.2,False,affordable_with_plan
payment_option_354,request_124,installments,174.43,21,28.0,560.0,558.83,3663.03,True,affordable_with_plan
payment_option_355,request_125,full_payment,6468.0,1,30.0,0.0,0.0,6468.0,False,not_affordable
payment_option_356,request_125,installments,474.32,15,30.0,420.0,646.8,7114.8,False,not_affordable
payment_option_357,request_125,installments,1164.24,6,31.0,155.0,517.44,6985.44,False,not_affordable
payment_option_358,request_126,full_payment,159600.0,1,30.0,0.0,0.0,159600.0,True,affordable_now
payment_option_359,request_126,installments,10108.0,18,31.0,527.0,22344.0,181944.0,False,affordable_now
payment_option_360,request_126,installments,8113.0,24,30.0,690.0,35112.0,194712.0,False,affordable_now
payment_option_361,request_127,full_payment,23980.0,1,30.0,0.0,0.0,23980.0,False,affordable_later
payment_option_362,request_127,installments,1181.88,21,28.0,560.0,839.48,24819.48,False,affordable_later
payment_option_363,request_128,full_payment,25168.0,1,30.0,0.0,0.0,25168.0,True,affordable_now
payment_option_364,request_128,installments,1845.65,15,30.0,420.0,2516.75,27684.75,False,affordable_now
payment_option_365,request_128,installments,4530.24,6,31.0,155.0,2013.44,27181.44,False,affordable_now
payment_option_366,request_128,installments,1279.37,24,28.0,644.0,5536.88,30704.88,False,affordable_now
payment_option_367,request_129,full_payment,2668.8,1,30.0,0.0,0.0,2668.8,False,not_affordable
payment_option_368,request_129,installments,169.02,18,31.0,527.0,373.56,3042.36,False,not_affordable
payment_option_369,request_130,full_payment,1978.8,1,30.0,0.0,0.0,1978.8,False,affordable_later
payment_option_370,request_130,installments,111.19,21,28.0,560.0,356.19,2334.99,False,affordable_later
payment_option_371,request_130,installments,100.59,24,31.0,713.0,435.36,2414.16,False,affordable_later
payment_option_372,request_131,installments,643.14,3,28.0,56.0,74.22,1929.42,True,affordable_with_plan
payment_option_373,request_131,full_payment,1855.2,1,30.0,0.0,0.0,1855.2,False,affordable_with_plan
payment_option_374,request_131,installments,136.05,15,30.0,420.0,185.55,2040.75,True,affordable_with_plan
payment_option_375,request_132,full_payment,379.86,1,30.0,0.0,0.0,379.86,False,not_affordable
payment_option_376,request_132,installments,21.85,18,31.0,527.0,13.44,393.3,False,not_affordable
payment_option_377,request_132,installments,16.62,24,30.0,690.0,19.02,398.88,False,not_affordable
payment_option_378,request_133,full_payment,15770000.0,1,30.0,0.0,0.0,15770000.0,True,affordable_with_plan
payment_option_379,request_133,installments,886123.81,21,28.0,560.0,2838600.01,18608600.01,False,affordable_with_plan
payment_option_380,request_134,full_payment,21831000.0,1,30.0,0.0,0.0,21831000.0,False,affordable_later
payment_option_381,request_134,installments,1600940.0,15,30.0,420.0,2183100.0,24014100.0,False,affordable_later
payment_option_382,request_134,installments,1109742.5,24,28.0,644.0,4802820.0,26633820.0,False,affordable_later
payment_option_383,request_135,full_payment,304.8,1,30.0,0.0,0.0,304.8,True,affordable_with_plan
payment_option_384,request_135,installments,19.3,18,31.0,527.0,42.6,347.4,False,affordable_with_plan
payment_option_385,request_135,installments,54.86,6,28.0,140.0,24.36,329.16,False,affordable_with_plan
payment_option_386,request_136,full_payment,560.4,1,30.0,0.0,0.0,560.4,True,affordable_now
payment_option_387,request_136,installments,31.49,21,28.0,560.0,100.89,661.29,False,affordable_now
payment_option_388,request_136,installments,100.87,6,30.0,150.0,44.82,605.22,False,affordable_now
payment_option_389,request_136,installments,28.49,24,31.0,713.0,123.36,683.76,False,affordable_now
payment_option_390,request_137,full_payment,80100.0,1,30.0,0.0,0.0,80100.0,False,affordable_later
payment_option_391,request_137,installments,5874.0,15,30.0,420.0,8010.0,88110.0,False,affordable_later
payment_option_392,request_138,full_payment,1256.94,1,30.0,0.0,0.0,1256.94,False,affordable_with_plan
payment_option_393,request_138,installments,435.74,3,28.0,56.0,50.28,1307.22,False,affordable_with_plan
payment_option_394,request_138,installments,333.09,4,30.0,90.0,75.42,1332.36,False,affordable_with_plan
payment_option_395,request_139,installments,802.88,3,31.0,62.0,92.64,2408.64,True,affordable_with_plan
payment_option_396,request_139,full_payment,2316.0,1,30.0,0.0,0.0,2316.0,False,affordable_with_plan
payment_option_397,request_139,installments,130.14,21,28.0,560.0,416.94,2732.94,True,affordable_with_plan
payment_option_398,request_140,full_payment,62832.0,1,30.0,0.0,0.0,62832.0,False,not_affordable
payment_option_399,request_140,installments,4607.68,15,30.0,420.0,6283.2,69115.2,False,not_affordable
payment_option_400,request_140,installments,3193.96,24,28.0,644.0,13823.04,76655.04,False,not_affordable
payment_option_401,request_141,full_payment,171600.0,1,30.0,0.0,0.0,171600.0,False,not_affordable
payment_option_402,request_141,installments,10868.0,18,31.0,527.0,24024.0,195624.0,False,not_affordable
payment_option_403,request_142,full_payment,1263.6,1,30.0,0.0,0.0,1263.6,True,affordable_now
payment_option_404,request_142,installments,71.0,21,28.0,560.0,227.4,1491.0,False,affordable_now
payment_option_405,request_142,installments,227.45,6,30.0,150.0,101.1,1364.7,False,affordable_now
payment_option_406,request_142,installments,64.23,24,31.0,713.0,277.92,1541.52,False,affordable_now
payment_option_407,request_143,full_payment,12584.0,1,30.0,0.0,0.0,12584.0,False,affordable_later
payment_option_408,request_143,installments,922.83,15,30.0,420.0,1258.45,13842.45,False,affordable_later
payment_option_409,request_144,full_payment,233.34,1,30.0,0.0,0.0,233.34,True,affordable_now
payment_option_410,request_144,installments,13.42,18,31.0,527.0,8.22,241.56,False,affordable_now
payment_option_411,request_144,installments,10.21,24,30.0,690.0,11.7,245.04,False,affordable_now
payment_option_412,request_145,installments,75365.33,3,31.0,62.0,8695.99,226095.99,False,not_affordable
payment_option_413,request_145,full_payment,217400.0,1,30.0,0.0,0.0,217400.0,False,not_affordable
payment_option_414,request_145,installments,12215.81,21,28.0,560.0,39132.01,256532.01,False,not_affordable
payment_option_415,request_146,full_payment,449400.0,1,30.0,0.0,0.0,449400.0,False,not_affordable
payment_option_416,request_146,installments,32956.0,15,30.0,420.0,44940.0,494340.0,False,not_affordable
payment_option_417,request_146,installments,22844.5,24,28.0,644.0,98868.0,548268.0,False,not_affordable
payment_option_418,request_147,installments,391.63,3,30.0,60.0,45.19,1174.89,True,affordable_with_plan
payment_option_419,request_147,full_payment,1129.7,1,30.0,0.0,0.0,1129.7,False,affordable_with_plan
payment_option_420,request_147,installments,71.55,18,31.0,527.0,158.2,1287.9,True,affordable_with_plan
payment_option_421,request_148,installments,7710.56,3,31.0,62.0,889.68,23131.68,False,not_affordable
payment_option_422,request_148,full_payment,22242.0,1,30.0,0.0,0.0,22242.0,False,not_affordable
payment_option_423,request_148,installments,1249.79,21,28.0,560.0,4003.59,26245.59,False,not_affordable
payment_option_424,request_149,installments,12706.03,3,28.0,56.0,1466.09,38118.09,True,affordable_with_plan
payment_option_425,request_149,full_payment,36652.0,1,30.0,0.0,0.0,36652.0,False,affordable_with_plan
payment_option_426,request_149,installments,2687.81,15,30.0,420.0,3665.15,40317.15,True,affordable_with_plan
payment_option_427,request_150,installments,171.98,3,30.0,60.0,19.84,515.94,True,affordable_with_plan
payment_option_428,request_150,full_payment,496.1,1,30.0,0.0,0.0,496.1,False,affordable_with_plan
payment_option_429,request_150,installments,31.42,18,31.0,527.0,69.46,565.56,True,affordable_with_plan
payment_option_430,request_151,full_payment,26999000.0,1,30.0,0.0,0.0,26999000.0,True,affordable_now
payment_option_431,request_151,installments,1517086.67,21,28.0,560.0,4859820.07,31858820.07,False,affordable_now
payment_option_432,request_151,installments,4859820.0,6,30.0,150.0,2159920.0,29158920.0,False,affordable_now
payment_option_433,request_152,installments,4812.43,3,28.0,56.0,555.29,14437.29,False,not_affordable
payment_option_434,request_152,full_payment,13882.0,1,30.0,0.0,0.0,13882.0,False,not_affordable
payment_option_435,request_152,installments,1018.01,15,30.0,420.0,1388.15,15270.15,False,not_affordable
payment_option_436,request_153,full_payment,2830.8,1,30.0,0.0,0.0,2830.8,False,not_affordable
payment_option_437,request_153,installments,179.28,18,31.0,527.0,396.24,3227.04,False,not_affordable
payment_option_438,request_154,installments,563.61,3,31.0,62.0,65.03,1690.83,True,affordable_with_plan
payment_option_439,request_154,full_payment,1625.8,1,30.0,0.0,0.0,1625.8,False,affordable_with_plan
payment_option_440,request_154,installments,91.35,21,28.0,560.0,292.55,1918.35,True,affordable_with_plan
payment_option_441,request_155,full_payment,112500.0,1,30.0,0.0,0.0,112500.0,True,affordable_now
payment_option_442,request_155,installments,8250.0,15,30.0,420.0,11250.0,123750.0,False,affordable_now
payment_option_443,request_155,installments,20250.0,6,31.0,155.0,9000.0,121500.0,False,affordable_now
payment_option_444,request_156,full_payment,43076.0,1,30.0,0.0,0.0,43076.0,False,affordable_later
payment_option_445,request_156,installments,2728.15,18,31.0,527.0,6030.7,49106.7,False,affordable_later
payment_option_446,request_156,installments,2189.7,24,30.0,690.0,9476.8,52552.8,False,affordable_later
payment_option_447,request_157,full_payment,23503000.0,1,30.0,0.0,0.0,23503000.0,False,affordable_later
payment_option_448,request_157,installments,1320644.76,21,28.0,560.0,4230539.96,27733539.96,False,affordable_later
payment_option_449,request_158,installments,84101.33,3,28.0,56.0,9703.99,252303.99,True,affordable_with_plan
payment_option_450,request_158,full_payment,242600.0,1,30.0,0.0,0.0,242600.0,False,affordable_with_plan
payment_option_451,request_158,installments,17790.67,15,30.0,420.0,24260.05,266860.05,True,affordable_with_plan
payment_option_452,request_159,full_payment,13398.0,1,30.0,0.0,0.0,13398.0,True,affordable_now
payment_option_453,request_159,installments,848.54,18,31.0,527.0,1875.72,15273.72,False,affordable_now
payment_option_454,request_160,installments,432.05,3,31.0,62.0,49.85,1296.15,True,affordable_with_plan
payment_option_455,request_160,full_payment,1246.3,1,30.0,0.0,0.0,1246.3,False,affordable_with_plan
payment_option_456,request_160,installments,70.03,21,28.0,560.0,224.33,1470.63,True,affordable_with_plan
payment_option_457,request_161,full_payment,21204000.0,1,30.0,0.0,0.0,21204000.0,False,not_affordable
payment_option_458,request_161,installments,1554960.0,15,30.0,420.0,2120400.0,23324400.0,False,not_affordable
payment_option_459,request_162,full_payment,83923000.0,1,30.0,0.0,0.0,83923000.0,False,not_affordable
payment_option_460,request_162,installments,5315123.33,18,31.0,527.0,11749219.94,95672219.94,False,not_affordable
payment_option_461,request_162,installments,4266085.83,24,30.0,690.0,18463059.92,102386059.92,False,not_affordable
payment_option_462,request_163,installments,6692053.33,3,31.0,62.0,772159.99,20076159.99,False,not_affordable
payment_option_463,request_163,full_payment,19304000.0,1,30.0,0.0,0.0,19304000.0,False,not_affordable
payment_option_464,request_163,installments,1084700.95,21,28.0,560.0,3474719.95,22778719.95,False,not_affordable
payment_option_465,request_164,installments,9366240.0,3,28.0,56.0,1080720.0,28098720.0,True,affordable_with_plan
payment_option_466,request_164,full_payment,27018000.0,1,30.0,0.0,0.0,27018000.0,False,affordable_with_plan
payment_option_467,request_164,installments,1981320.0,15,30.0,420.0,2701800.0,29719800.0,True,affordable_with_plan
payment_option_468,request_165,full_payment,80600.0,1,30.0,0.0,0.0,80600.0,True,affordable_now
payment_option_469,request_165,installments,5104.67,18,31.0,527.0,11284.06,91884.06,False,affordable_now
payment_option_470,request_165,installments,14508.0,6,28.0,140.0,6448.0,87048.0,False,affordable_now
payment_option_471,request_166,installments,1007.97,3,31.0,62.0,116.31,3023.91,True,affordable_with_plan
payment_option_472,request_166,full_payment,2907.6,1,30.0,0.0,0.0,2907.6,False,affordable_with_plan
payment_option_473,request_166,installments,163.38,21,28.0,560.0,523.38,3430.98,True,affordable_with_plan
payment_option_474,request_167,full_payment,43802.0,1,30.0,0.0,0.0,43802.0,True,affordable_now
payment_option_475,request_167,installments,3212.15,15,30.0,420.0,4380.25,48182.25,False,affordable_now
payment_option_476,request_167,installments,7884.36,6,31.0,155.0,3504.16,47306.16,False,affordable_now
payment_option_477,request_168,full_payment,49380.0,1,30.0,0.0,0.0,49380.0,False,not_affordable
payment_option_478,request_168,installments,17118.4,3,30.0,60.0,1975.2,51355.2,False,not_affordable
payment_option_479,request_168,installments,13085.7,4,30.0,90.0,2962.8,52342.8,False,not_affordable
payment_option_480,request_169,full_payment,41976.0,1,30.0,0.0,0.0,41976.0,True,affordable_now
payment_option_481,request_169,installments,2358.65,21,28.0,560.0,7555.65,49531.65,False,affordable_now
payment_option_482,request_169,installments,7555.68,6,30.0,150.0,3358.08,45334.08,False,affordable_now
payment_option_483,request_170,installments,12804480.0,3,28.0,56.0,1477440.0,38413440.0,True,affordable_with_plan
payment_option_484,request_170,full_payment,36936000.0,1,30.0,0.0,0.0,36936000.0,False,affordable_with_plan
payment_option_485,request_170,installments,2708640.0,15,30.0,420.0,3693600.0,40629600.0,True,affordable_with_plan
payment_option_486,request_171,full_payment,1878.8,1,30.0,0.0,0.0,1878.8,False,not_affordable
payment_option_487,request_171,installments,118.99,18,31.0,527.0,263.02,2141.82,False,not_affordable
payment_option_488,request_172,full_payment,10200.0,1,30.0,0.0,0.0,10200.0,False,affordable_with_plan
payment_option_489,request_172,installments,5304.0,2,28.0,28.0,408.0,10608.0,True,affordable_with_plan
payment_option_490,request_172,installments,3604.0,3,31.0,62.0,612.0,10812.0,True,affordable_with_plan
payment_option_491,request_173,installments,39173.33,3,28.0,56.0,4519.99,117519.99,False,not_affordable
payment_option_492,request_173,full_payment,113000.0,1,30.0,0.0,0.0,113000.0,False,not_affordable
payment_option_493,request_173,installments,8286.67,15,30.0,420.0,11300.05,124300.05,False,not_affordable
payment_option_494,request_174,installments,397.35,3,30.0,60.0,45.85,1192.05,True,affordable_with_plan
payment_option_495,request_174,full_payment,1146.2,1,30.0,0.0,0.0,1146.2,False,affordable_with_plan
payment_option_496,request_174,installments,72.59,18,31.0,527.0,160.42,1306.62,True,affordable_with_plan
payment_option_497,request_175,full_payment,2346.3,1,30.0,0.0,0.0,2346.3,True,affordable_now
payment_option_498,request_175,installments,131.84,21,28.0,560.0,422.34,2768.64,False,affordable_now
payment_option_499,request_175,installments,422.33,6,30.0,150.0,187.68,2533.98,False,affordable_now
payment_option_500,request_176,full_payment,1239.7,1,30.0,0.0,0.0,1239.7,False,not_affordable
payment_option_501,request_176,installments,90.91,15,30.0,420.0,123.95,1363.65,False,not_affordable
payment_option_502,request_176,installments,63.02,24,28.0,644.0,272.78,1512.48,False,not_affordable
payment_option_503,request_177,full_payment,1017.6,1,30.0,0.0,0.0,1017.6,True,affordable_now
payment_option_504,request_177,installments,64.45,18,31.0,527.0,142.5,1160.1,False,affordable_now
payment_option_505,request_177,installments,183.17,6,28.0,140.0,81.42,1099.02,False,affordable_now
payment_option_506,request_178,installments,1018.54,3,31.0,62.0,117.52,3055.62,True,affordable_with_plan
payment_option_507,request_178,full_payment,2938.1,1,30.0,0.0,0.0,2938.1,False,affordable_with_plan
payment_option_508,request_178,installments,165.09,21,28.0,560.0,528.79,3466.89,True,affordable_with_plan
payment_option_509,request_179,full_payment,41648000.0,1,30.0,0.0,0.0,41648000.0,False,affordable_later
payment_option_510,request_179,installments,3054186.67,15,30.0,420.0,4164800.05,45812800.05,False,affordable_later
payment_option_511,request_180,full_payment,66500.0,1,30.0,0.0,0.0,66500.0,True,affordable_now
payment_option_512,request_180,installments,4211.67,18,31.0,527.0,9310.06,75810.06,False,affordable_now
payment_option_513,request_180,installments,11970.0,6,28.0,140.0,5320.0,71820.0,False,affordable_now
payment_option_514,request_180,installments,3380.42,24,30.0,690.0,14630.08,81130.08,False,affordable_now
payment_option_515,request_181,full_payment,5059.2,1,30.0,0.0,0.0,5059.2,False,not_affordable
payment_option_516,request_181,installments,284.28,21,28.0,560.0,910.68,5969.88,False,not_affordable
payment_option_517,request_182,full_payment,65714.0,1,30.0,0.0,0.0,65714.0,True,affordable_now
payment_option_518,request_182,installments,4819.03,15,30.0,420.0,6571.45,72285.45,False,affordable_now
payment_option_519,request_182,installments,11828.52,6,31.0,155.0,5257.12,70971.12,False,affordable_now
payment_option_520,request_182,installments,3340.46,24,28.0,644.0,14457.04,80171.04,False,affordable_now
payment_option_521,request_183,installments,9313546.67,3,30.0,60.0,1074640.01,27940640.01,False,not_affordable
payment_option_522,request_183,full_payment,26866000.0,1,30.0,0.0,0.0,26866000.0,False,not_affordable
payment_option_523,request_183,installments,1701513.33,18,31.0,527.0,3761239.94,30627239.94,False,not_affordable
payment_option_524,request_184,full_payment,251900.0,1,30.0,0.0,0.0,251900.0,False,not_affordable
payment_option_525,request_184,installments,14154.38,21,28.0,560.0,45341.98,297241.98,False,not_affordable
payment_option_526,request_184,installments,12804.92,24,31.0,713.0,55418.08,307318.08,False,not_affordable
payment_option_527,request_185,full_payment,1257.3,1,30.0,0.0,0.0,1257.3,False,affordable_later
payment_option_528,request_185,installments,92.2,15,30.0,420.0,125.7,1383.0,False,affordable_later
payment_option_529,request_186,full_payment,26554.0,1,30.0,0.0,0.0,26554.0,False,not_affordable
payment_option_530,request_186,installments,1681.75,18,31.0,527.0,3717.5,30271.5,False,not_affordable
payment_option_531,request_186,installments,1349.83,24,30.0,690.0,5841.92,32395.92,False,not_affordable
payment_option_532,request_187,full_payment,187500.0,1,30.0,0.0,0.0,187500.0,False,affordable_later
payment_option_533,request_187,installments,10535.71,21,28.0,560.0,33749.91,221249.91,False,affordable_later
payment_option_534,request_188,full_payment,2464.0,1,30.0,0.0,0.0,2464.0,False,not_affordable
payment_option_535,request_188,installments,180.69,15,30.0,420.0,246.35,2710.35,False,not_affordable
payment_option_536,request_188,installments,125.25,24,28.0,644.0,542.0,3006.0,False,not_affordable
payment_option_537,request_189,full_payment,488.4,1,30.0,0.0,0.0,488.4,True,affordable_now
payment_option_538,request_189,installments,30.93,18,31.0,527.0,68.34,556.74,False,affordable_now
payment_option_539,request_189,installments,87.91,6,28.0,140.0,39.06,527.46,False,affordable_now
payment_option_540,request_190,full_payment,2557.5,1,30.0,0.0,0.0,2557.5,False,affordable_later
payment_option_541,request_190,installments,143.71,21,28.0,560.0,460.41,3017.91,False,affordable_later
payment_option_542,request_190,installments,130.01,24,31.0,713.0,562.74,3120.24,False,affordable_later
payment_option_543,request_191,full_payment,664.4,1,30.0,0.0,0.0,664.4,True,affordable_now
payment_option_544,request_191,installments,48.72,15,30.0,420.0,66.4,730.8,False,affordable_now
payment_option_545,request_191,installments,119.59,6,31.0,155.0,53.14,717.54,False,affordable_now
payment_option_546,request_192,full_payment,2046.0,1,30.0,0.0,0.0,2046.0,False,not_affordable
payment_option_547,request_192,installments,129.58,18,31.0,527.0,286.44,2332.44,False,not_affordable
payment_option_548,request_192,installments,104.01,24,30.0,690.0,450.24,2496.24,False,not_affordable
payment_option_549,request_193,installments,420.23,3,31.0,62.0,48.49,1260.69,True,affordable_with_plan
payment_option_550,request_193,full_payment,1212.2,1,30.0,0.0,0.0,1212.2,False,affordable_with_plan
payment_option_551,request_193,installments,68.11,21,28.0,560.0,218.11,1430.31,True,affordable_with_plan
payment_option_552,request_194,full_payment,132800.0,1,30.0,0.0,0.0,132800.0,False,affordable_later
payment_option_553,request_194,installments,9738.67,15,30.0,420.0,13280.05,146080.05,False,affordable_later
payment_option_554,request_194,installments,6750.67,24,28.0,644.0,29216.08,162016.08,False,affordable_later
payment_option_555,request_195,installments,405.74,3,30.0,60.0,46.82,1217.22,True,affordable_with_plan
payment_option_556,request_195,full_payment,1170.4,1,30.0,0.0,0.0,1170.4,False,affordable_with_plan
payment_option_557,request_195,installments,74.13,18,31.0,527.0,163.94,1334.34,True,affordable_with_plan
payment_option_558,request_196,full_payment,762.3,1,30.0,0.0,0.0,762.3,True,affordable_now
payment_option_559,request_196,installments,42.83,21,28.0,560.0,137.13,899.43,False,affordable_now
payment_option_560,request_196,installments,137.21,6,30.0,150.0,60.96,823.26,False,affordable_now
payment_option_561,request_196,installments,38.75,24,31.0,713.0,167.7,930.0,False,affordable_now
payment_option_562,request_197,installments,17658853.33,3,28.0,56.0,2037559.99,52976559.99,False,affordable_with_plan
payment_option_563,request_197,full_payment,50939000.0,1,30.0,0.0,0.0,50939000.0,True,affordable_with_plan
payment_option_564,request_197,installments,3735526.67,15,30.0,420.0,5093900.05,56032900.05,False,affordable_with_plan
payment_option_565,request_198,full_payment,185800.0,1,30.0,0.0,0.0,185800.0,True,affordable_now
payment_option_566,request_198,installments,11767.33,18,31.0,527.0,26011.94,211811.94,False,affordable_now
payment_option_567,request_198,installments,33444.0,6,28.0,140.0,14864.0,200664.0,False,affordable_now
payment_option_568,request_198,installments,9444.83,24,30.0,690.0,40875.92,226675.92,False,affordable_now
payment_option_569,request_199,installments,8206986.67,3,31.0,62.0,946960.01,24620960.01,True,affordable_with_plan
payment_option_570,request_199,full_payment,23674000.0,1,30.0,0.0,0.0,23674000.0,False,affordable_with_plan
payment_option_571,request_199,installments,1330253.33,21,28.0,560.0,4261319.93,27935319.93,True,affordable_with_plan
payment_option_572,request_200,full_payment,21717000.0,1,30.0,0.0,0.0,21717000.0,True,affordable_now
payment_option_573,request_200,installments,1592580.0,15,30.0,420.0,2171700.0,23888700.0,False,affordable_now
payment_option_574,request_200,installments,3909060.0,6,31.0,155.0,1737360.0,23454360.0,False,affordable_now
payment_option_575,request_200,installments,1103947.5,24,28.0,644.0,4777740.0,26494740.0,False,affordable_now
payment_option_576,request_201,full_payment,23997000.0,1,30.0,0.0,0.0,23997000.0,True,affordable_now
payment_option_577,request_201,installments,1519810.0,18,31.0,527.0,3359580.0,27356580.0,False,affordable_now
payment_option_578,request_201,installments,4319460.0,6,28.0,140.0,1919760.0,25916760.0,False,affordable_now
payment_option_579,request_202,full_payment,123900.0,1,30.0,0.0,0.0,123900.0,True,affordable_now
payment_option_580,request_202,installments,6962.0,21,28.0,560.0,22302.0,146202.0,False,affordable_now
payment_option_581,request_202,installments,22302.0,6,30.0,150.0,9912.0,133812.0,False,affordable_now
payment_option_582,request_202,installments,6298.25,24,31.0,713.0,27258.0,151158.0,False,affordable_now
payment_option_583,request_203,installments,499.93,3,28.0,56.0,57.69,1499.79,True,affordable_with_plan
payment_option_584,request_203,full_payment,1442.1,1,30.0,0.0,0.0,1442.1,False,affordable_with_plan
payment_option_585,request_203,installments,105.75,15,30.0,420.0,144.15,1586.25,True,affordable_with_plan
payment_option_586,request_204,full_payment,588.74,1,30.0,0.0,0.0,588.74,True,affordable_now
payment_option_587,request_204,installments,33.86,18,31.0,527.0,20.74,609.48,False,affordable_now
payment_option_588,request_204,installments,25.76,24,30.0,690.0,29.5,618.24,False,affordable_now
payment_option_589,request_205,full_payment,10621000.0,1,30.0,0.0,0.0,10621000.0,True,affordable_now
payment_option_590,request_205,installments,596799.05,21,28.0,560.0,1911780.05,12532780.05,False,affordable_now
payment_option_591,request_205,installments,1911780.0,6,30.0,150.0,849680.0,11470680.0,False,affordable_now
payment_option_592,request_206,installments,486.96,3,28.0,56.0,56.18,1460.88,True,affordable_with_plan
payment_option_593,request_206,full_payment,1404.7,1,30.0,0.0,0.0,1404.7,False,affordable_with_plan
payment_option_594,request_206,installments,103.01,15,30.0,420.0,140.45,1545.15,True,affordable_with_plan
payment_option_595,request_207,full_payment,11830.0,1,30.0,0.0,0.0,11830.0,False,affordable_later
payment_option_596,request_207,installments,680.23,18,31.0,527.0,414.14,12244.14,False,affordable_later
payment_option_597,request_208,full_payment,4413000.0,1,30.0,0.0,0.0,4413000.0,False,affordable_later
payment_option_598,request_208,installments,217497.86,21,28.0,560.0,154455.06,4567455.06,False,affordable_later
payment_option_599,request_208,installments,193068.75,24,31.0,713.0,220650.0,4633650.0,False,affordable_later
payment_option_600,request_209,full_payment,56914.0,1,30.0,0.0,0.0,56914.0,False,not_affordable
payment_option_601,request_209,installments,4173.69,15,30.0,420.0,5691.35,62605.35,False,not_affordable
payment_option_602,request_210,full_payment,1360.02,1,30.0,0.0,0.0,1360.02,False,affordable_with_plan
payment_option_603,request_210,installments,471.48,3,28.0,56.0,54.42,1414.44,False,affordable_with_plan
payment_option_604,request_210,installments,360.41,4,30.0,90.0,81.62,1441.64,False,affordable_with_plan
payment_option_605,request_211,full_payment,1788.6,1,30.0,0.0,0.0,1788.6,False,affordable_later
payment_option_606,request_211,installments,100.5,21,28.0,560.0,321.9,2110.5,False,affordable_later
payment_option_607,request_212,full_payment,71934000.0,1,30.0,0.0,0.0,71934000.0,False,not_affordable
payment_option_608,request_212,installments,5275160.0,15,30.0,420.0,7193400.0,79127400.0,False,not_affordable
payment_option_609,request_212,installments,3656645.0,24,28.0,644.0,15825480.0,87759480.0,False,not_affordable
payment_option_610,request_213,installments,1165.63,3,30.0,60.0,134.49,3496.89,True,affordable_with_plan
payment_option_611,request_213,full_payment,3362.4,1,30.0,0.0,0.0,3362.4,False,affordable_with_plan
payment_option_612,request_213,installments,212.95,18,31.0,527.0,470.7,3833.1,True,affordable_with_plan
payment_option_613,request_214,full_payment,69750.0,1,30.0,0.0,0.0,69750.0,False,not_affordable
payment_option_614,request_214,installments,36270.0,2,28.0,28.0,2790.0,72540.0,False,not_affordable
payment_option_615,request_214,installments,24645.0,3,31.0,62.0,4185.0,73935.0,False,not_affordable
payment_option_616,request_215,installments,10395.15,3,28.0,56.0,1199.45,31185.45,True,affordable_with_plan
payment_option_617,request_215,full_payment,29986.0,1,30.0,0.0,0.0,29986.0,False,affordable_with_plan
payment_option_618,request_215,installments,2198.97,15,30.0,420.0,2998.55,32984.55,True,affordable_with_plan
payment_option_619,request_216,full_payment,3332.4,1,30.0,0.0,0.0,3332.4,False,not_affordable
payment_option_620,request_216,installments,211.05,18,31.0,527.0,466.5,3798.9,False,not_affordable
payment_option_621,request_216,installments,169.4,24,30.0,690.0,733.2,4065.6,False,not_affordable
payment_option_622,request_217,installments,12889.07,3,31.0,62.0,1487.21,38667.21,True,affordable_with_plan
payment_option_623,request_217,full_payment,37180.0,1,30.0,0.0,0.0,37180.0,False,affordable_with_plan
payment_option_624,request_217,installments,2089.16,21,28.0,560.0,6692.36,43872.36,True,affordable_with_plan
payment_option_625,request_218,installments,21195893.33,3,28.0,56.0,2445679.99,63587679.99,True,affordable_with_plan
payment_option_626,request_218,full_payment,61142000.0,1,30.0,0.0,0.0,61142000.0,False,affordable_with_plan
payment_option_627,request_218,installments,4483746.67,15,30.0,420.0,6114200.05,67256200.05,True,affordable_with_plan
payment_option_628,request_219,installments,580.01,3,30.0,60.0,66.93,1740.03,True,affordable_with_plan
payment_option_629,request_219,full_payment,1673.1,1,30.0,0.0,0.0,1673.1,False,affordable_with_plan
payment_option_630,request_219,installments,105.96,18,31.0,527.0,234.18,1907.28,True,affordable_with_plan
payment_option_631,request_220,full_payment,3118.5,1,30.0,0.0,0.0,3118.5,False,not_affordable
payment_option_632,request_220,installments,175.23,21,28.0,560.0,561.33,3679.83,False,not_affordable
payment_option_633,request_220,installments,158.52,24,31.0,713.0,685.98,3804.48,False,not_affordable
payment_option_634,request_221,full_payment,109800.0,1,30.0,0.0,0.0,109800.0,True,affordable_now
payment_option_635,request_221,installments,8052.0,15,30.0,420.0,10980.0,120780.0,False,affordable_now
payment_option_636,request_221,installments,19764.0,6,31.0,155.0,8784.0,118584.0,False,affordable_now
payment_option_637,request_222,full_payment,34078.0,1,30.0,0.0,0.0,34078.0,True,affordable_now
payment_option_638,request_222,installments,2158.27,18,31.0,527.0,4770.86,38848.86,False,affordable_now
payment_option_639,request_222,installments,6134.04,6,28.0,140.0,2726.24,36804.24,False,affordable_now
payment_option_640,request_222,installments,1732.3,24,30.0,690.0,7497.2,41575.2,False,affordable_now
payment_option_641,request_223,full_payment,898.7,1,30.0,0.0,0.0,898.7,True,affordable_now
payment_option_642,request_223,installments,50.5,21,28.0,560.0,161.8,1060.5,False,affordable_now
payment_option_643,request_223,installments,161.77,6,30.0,150.0,71.92,970.62,False,affordable_now
payment_option_644,request_224,full_payment,10327000.0,1,30.0,0.0,0.0,10327000.0,False,affordable_with_plan
payment_option_645,request_224,installments,5370040.0,2,28.0,28.0,413080.0,10740080.0,False,affordable_with_plan
payment_option_646,request_224,installments,3648873.34,3,28.0,56.0,619620.02,10946620.02,False,affordable_with_plan
payment_option_647,request_225,installments,7647120.0,3,30.0,60.0,882360.0,22941360.0,True,affordable_with_plan
payment_option_648,request_225,full_payment,22059000.0,1,30.0,0.0,0.0,22059000.0,False,affordable_with_plan
payment_option_649,request_225,installments,1397070.0,18,31.0,527.0,3088260.0,25147260.0,True,affordable_with_plan
payment_option_650,request_226,full_payment,157000.0,1,30.0,0.0,0.0,157000.0,True,affordable_now
payment_option_651,request_226,installments,8821.9,21,28.0,560.0,28259.9,185259.9,False,affordable_now
payment_option_652,request_226,installments,28260.0,6,30.0,150.0,12560.0,169560.0,False,affordable_now
payment_option_653,request_226,installments,7980.83,24,31.0,713.0,34539.92,191539.92,False,affordable_now
payment_option_654,request_227,full_payment,259700.0,1,30.0,0.0,0.0,259700.0,False,not_affordable
payment_option_655,request_227,installments,19044.67,15,30.0,420.0,25970.05,285670.05,False,not_affordable
payment_option_656,request_228,full_payment,63327000.0,1,30.0,0.0,0.0,63327000.0,False,not_affordable
payment_option_657,request_228,installments,4010710.0,18,31.0,527.0,8865780.0,72192780.0,False,not_affordable
payment_option_658,request_228,installments,3219122.5,24,30.0,690.0,13931940.0,77258940.0,False,not_affordable
payment_option_659,request_229,installments,529.29,3,31.0,62.0,61.07,1587.87,False,not_affordable
payment_option_660,request_229,full_payment,1526.8,1,30.0,0.0,0.0,1526.8,False,not_affordable
payment_option_661,request_229,installments,85.79,21,28.0,560.0,274.79,1801.59,False,not_affordable
payment_option_662,request_230,full_payment,3537.6,1,30.0,0.0,0.0,3537.6,True,affordable_now
payment_option_663,request_230,installments,259.42,15,30.0,420.0,353.7,3891.3,False,affordable_now
payment_option_664,request_230,installments,636.77,6,31.0,155.0,283.02,3820.62,False,affordable_now
payment_option_665,request_230,installments,179.83,24,28.0,644.0,778.32,4315.92,False,affordable_now
payment_option_666,request_231,installments,12378.08,3,30.0,60.0,1428.24,37134.24,True,affordable_with_plan
payment_option_667,request_231,full_payment,35706.0,1,30.0,0.0,0.0,35706.0,False,affordable_with_plan
payment_option_668,request_231,installments,2261.38,18,31.0,527.0,4998.84,40704.84,True,affordable_with_plan
payment_option_669,request_232,full_payment,1970.1,1,30.0,0.0,0.0,1970.1,False,not_affordable
payment_option_670,request_232,installments,110.7,21,28.0,560.0,354.6,2324.7,False,not_affordable
payment_option_671,request_232,installments,100.15,24,31.0,713.0,433.5,2403.6,False,not_affordable
payment_option_672,request_233,full_payment,6241000.0,1,30.0,0.0,0.0,6241000.0,False,not_affordable
payment_option_673,request_233,installments,3245320.0,2,31.0,31.0,249640.0,6490640.0,False,not_affordable
payment_option_674,request_234,full_payment,1213.3,1,30.0,0.0,0.0,1213.3,False,affordable_later
payment_option_675,request_234,installments,76.84,18,31.0,527.0,169.82,1383.12,False,affordable_later
payment_option_676,request_234,installments,61.68,24,30.0,690.0,267.02,1480.32,False,affordable_later
payment_option_677,request_235,full_payment,967.2,1,30.0,0.0,0.0,967.2,True,affordable_now
payment_option_678,request_235,installments,54.35,21,28.0,560.0,174.15,1141.35,False,affordable_now
payment_option_679,request_235,installments,174.1,6,30.0,150.0,77.4,1044.6,False,affordable_now
payment_option_680,request_236,full_payment,52383000.0,1,30.0,0.0,0.0,52383000.0,False,not_affordable
payment_option_681,request_236,installments,3841420.0,15,30.0,420.0,5238300.0,57621300.0,False,not_affordable
payment_option_682,request_236,installments,2662802.5,24,28.0,644.0,11524260.0,63907260.0,False,not_affordable
payment_option_683,request_237,full_payment,23826000.0,1,30.0,0.0,0.0,23826000.0,True,affordable_now
payment_option_684,request_237,installments,1508980.0,18,31.0,527.0,3335640.0,27161640.0,False,affordable_now
payment_option_685,request_237,installments,4288680.0,6,28.0,140.0,1906080.0,25732080.0,False,affordable_now
payment_option_686,request_238,installments,230.05,3,31.0,62.0,26.55,690.15,True,affordable_with_plan
payment_option_687,request_238,full_payment,663.6,1,30.0,0.0,0.0,663.6,False,affordable_with_plan
payment_option_688,request_238,installments,37.29,21,28.0,560.0,119.49,783.09,True,affordable_with_plan
payment_option_689,request_239,full_payment,642.0,1,30.0,0.0,0.0,642.0,True,affordable_now
payment_option_690,request_239,installments,47.08,15,30.0,420.0,64.2,706.2,False,affordable_now
payment_option_691,request_239,installments,115.56,6,31.0,155.0,51.36,693.36,False,affordable_now
payment_option_692,request_240,full_payment,101200.0,1,30.0,0.0,0.0,101200.0,False,not_affordable
payment_option_693,request_240,installments,6409.33,18,31.0,527.0,14167.94,115367.94,False,not_affordable
payment_option_694,request_240,installments,5144.33,24,30.0,690.0,22263.92,123463.92,False,not_affordable
payment_option_695,request_241,installments,7298026.67,3,31.0,62.0,842080.01,21894080.01,True,affordable_with_plan
payment_option_696,request_241,full_payment,21052000.0,1,30.0,0.0,0.0,21052000.0,False,affordable_with_plan
payment_option_697,request_241,installments,1182921.9,21,28.0,560.0,3789359.9,24841359.9,True,affordable_with_plan
payment_option_698,request_242,full_payment,1966.8,1,30.0,0.0,0.0,1966.8,False,not_affordable
payment_option_699,request_242,installments,144.23,15,30.0,420.0,196.65,2163.45,False,not_affordable
payment_option_700,request_242,installments,99.98,24,28.0,644.0,432.72,2399.52,False,not_affordable
payment_option_701,request_243,full_payment,17468.0,1,30.0,0.0,0.0,17468.0,True,affordable_now
payment_option_702,request_243,installments,1106.31,18,31.0,527.0,2445.58,19913.58,False,affordable_now
payment_option_703,request_243,installments,3144.24,6,28.0,140.0,1397.44,18865.44,False,affordable_now
payment_option_704,request_244,full_payment,49918.0,1,30.0,0.0,0.0,49918.0,True,affordable_now
payment_option_705,request_244,installments,2804.92,21,28.0,560.0,8985.32,58903.32,False,affordable_now
payment_option_706,request_244,installments,8985.24,6,30.0,150.0,3993.44,53911.44,False,affordable_now
payment_option_707,request_244,installments,2537.5,24,31.0,713.0,10982.0,60900.0,False,affordable_now
payment_option_708,request_245,full_payment,128500.0,1,30.0,0.0,0.0,128500.0,False,not_affordable
payment_option_709,request_245,installments,9423.33,15,30.0,420.0,12849.95,141349.95,False,not_affordable
payment_option_710,request_246,installments,22216.48,3,30.0,60.0,2563.44,66649.44,True,affordable_with_plan
payment_option_711,request_246,full_payment,64086.0,1,30.0,0.0,0.0,64086.0,False,affordable_with_plan
payment_option_712,request_246,installments,4058.78,18,31.0,527.0,8972.04,73058.04,True,affordable_with_plan
payment_option_713,request_247,full_payment,1059.3,1,30.0,0.0,0.0,1059.3,True,affordable_now
payment_option_714,request_247,installments,59.52,21,28.0,560.0,190.62,1249.92,False,affordable_now
payment_option_715,request_247,installments,190.67,6,30.0,150.0,84.72,1144.02,False,affordable_now
payment_option_716,request_248,full_payment,1965.6,1,30.0,0.0,0.0,1965.6,False,affordable_with_plan
payment_option_717,request_248,installments,144.14,15,30.0,420.0,196.5,2162.1,False,affordable_with_plan
payment_option_718,request_248,installments,99.92,24,28.0,644.0,432.48,2398.08,False,affordable_with_plan
payment_option_719,request_249,full_payment,643.2,1,30.0,0.0,0.0,643.2,False,not_affordable
payment_option_720,request_249,installments,40.74,18,31.0,527.0,90.12,733.32,False,not_affordable
payment_option_721,request_250,full_payment,124278.0,1,30.0,0.0,0.0,124278.0,False,not_affordable
payment_option_722,request_250,installments,6983.24,21,28.0,560.0,22370.04,146648.04,False,not_affordable
payment_option_723,request_250,installments,6317.47,24,31.0,713.0,27341.28,151619.28,False,not_affordable
payment_option_724,request_251,full_payment,1513.6,1,30.0,0.0,0.0,1513.6,True,affordable_with_plan
payment_option_725,request_251,installments,111.0,15,30.0,420.0,151.4,1665.0,False,affordable_with_plan
payment_option_726,request_252,full_payment,28082000.0,1,30.0,0.0,0.0,28082000.0,False,affordable_later
payment_option_727,request_252,installments,1778526.67,18,31.0,527.0,3931480.06,32013480.06,False,affordable_later
payment_option_728,request_252,installments,1427501.67,24,30.0,690.0,6178040.08,34260040.08,False,affordable_later
payment_option_729,request_253,installments,984.6,3,31.0,62.0,113.6,2953.8,True,affordable_with_plan
payment_option_730,request_253,full_payment,2840.2,1,30.0,0.0,0.0,2840.2,False,affordable_with_plan
payment_option_731,request_253,installments,159.59,21,28.0,560.0,511.19,3351.39,True,affordable_with_plan
payment_option_732,request_254,full_payment,3535.2,1,30.0,0.0,0.0,3535.2,False,affordable_later
payment_option_733,request_254,installments,259.25,15,30.0,420.0,353.55,3888.75,False,affordable_later
payment_option_734,request_254,installments,179.71,24,28.0,644.0,777.84,4313.04,False,affordable_later
payment_option_735,request_255,full_payment,3345000.0,1,30.0,0.0,0.0,3345000.0,False,affordable_with_plan
payment_option_736,request_255,installments,192337.5,18,31.0,527.0,117075.0,3462075.0,False,affordable_with_plan
payment_option_737,request_256,installments,75816.0,3,31.0,62.0,8748.0,227448.0,True,affordable_with_plan
payment_option_738,request_256,full_payment,218700.0,1,30.0,0.0,0.0,218700.0,False,affordable_with_plan
payment_option_739,request_256,installments,12288.86,21,28.0,560.0,39366.06,258066.06,True,affordable_with_plan
payment_option_740,request_257,full_payment,1352.4,1,30.0,0.0,0.0,1352.4,False,affordable_later
payment_option_741,request_257,installments,99.18,15,30.0,420.0,135.3,1487.7,False,affordable_later
payment_option_742,request_258,full_payment,1113.6,1,30.0,0.0,0.0,1113.6,True,affordable_now
payment_option_743,request_258,installments,70.53,18,31.0,527.0,155.94,1269.54,False,affordable_now
payment_option_744,request_258,installments,200.45,6,28.0,140.0,89.1,1202.7,False,affordable_now
payment_option_745,request_258,installments,56.61,24,30.0,690.0,245.04,1358.64,False,affordable_now
payment_option_746,request_259,full_payment,935.0,1,30.0,0.0,0.0,935.0,False,affordable_later
payment_option_747,request_259,installments,52.54,21,28.0,560.0,168.34,1103.34,False,affordable_later
payment_option_748,request_260,full_payment,52079000.0,1,30.0,0.0,0.0,52079000.0,False,not_affordable
payment_option_749,request_260,installments,3819126.67,15,30.0,420.0,5207900.05,57286900.05,False,not_affordable
payment_option_750,request_260,installments,2647349.17,24,28.0,644.0,11457380.08,63536380.08,False,not_affordable
payment_option_751,request_261,full_payment,1830.4,1,30.0,0.0,0.0,1830.4,True,affordable_now
payment_option_752,request_261,installments,115.93,18,31.0,527.0,256.34,2086.74,False,affordable_now
payment_option_753,request_261,installments,329.47,6,28.0,140.0,146.42,1976.82,False,affordable_now
payment_option_754,request_262,full_payment,9236000.0,1,30.0,0.0,0.0,9236000.0,True,affordable_now
payment_option_755,request_262,installments,455202.86,21,28.0,560.0,323260.06,9559260.06,False,affordable_now
payment_option_756,request_262,installments,404075.0,24,31.0,713.0,461800.0,9697800.0,False,affordable_now
payment_option_757,request_263,full_payment,51546.0,1,30.0,0.0,0.0,51546.0,False,not_affordable
payment_option_758,request_263,installments,3780.04,15,30.0,420.0,5154.6,56700.6,False,not_affordable
payment_option_759,request_264,full_payment,111300.0,1,30.0,0.0,0.0,111300.0,False,affordable_later
payment_option_760,request_264,installments,7049.0,18,31.0,527.0,15582.0,126882.0,False,affordable_later
payment_option_761,request_264,installments,5657.75,24,30.0,690.0,24486.0,135786.0,False,affordable_later
payment_option_762,request_265,full_payment,45970.0,1,30.0,0.0,0.0,45970.0,False,affordable_later
payment_option_763,request_265,installments,2265.67,21,28.0,560.0,1609.07,47579.07,False,affordable_later
payment_option_764,request_266,installments,324.13,3,28.0,56.0,37.39,972.39,True,affordable_with_plan
payment_option_765,request_266,full_payment,935.0,1,30.0,0.0,0.0,935.0,False,affordable_with_plan
payment_option_766,request_266,installments,68.57,15,30.0,420.0,93.55,1028.55,True,affordable_with_plan
payment_option_767,request_267,installments,667.33,3,30.0,60.0,76.99,2001.99,True,affordable_with_plan
payment_option_768,request_267,full_payment,1925.0,1,30.0,0.0,0.0,1925.0,False,affordable_with_plan
payment_option_769,request_267,installments,121.92,18,31.0,527.0,269.56,2194.56,True,affordable_with_plan
payment_option_770,request_268,installments,841.22,3,31.0,62.0,97.06,2523.66,True,affordable_with_plan
payment_option_771,request_268,full_payment,2426.6,1,30.0,0.0,0.0,2426.6,False,affordable_with_plan
payment_option_772,request_268,installments,136.35,21,28.0,560.0,436.75,2863.35,True,affordable_with_plan
payment_option_773,request_269,full_payment,15490.0,1,30.0,0.0,0.0,15490.0,False,not_affordable
payment_option_774,request_269,installments,1068.81,15,30.0,420.0,542.15,16032.15,False,not_affordable
payment_option_775,request_270,full_payment,3028.8,1,30.0,0.0,0.0,3028.8,False,not_affordable
payment_option_776,request_270,installments,191.82,18,31.0,527.0,423.96,3452.76,False,not_affordable
payment_option_777,request_270,installments,153.96,24,30.0,690.0,666.24,3695.04,False,not_affordable
payment_option_778,request_271,full_payment,91300.0,1,30.0,0.0,0.0,91300.0,False,affordable_later
payment_option_779,request_271,installments,5130.19,21,28.0,560.0,16433.99,107733.99,False,affordable_later
payment_option_780,request_272,installments,4709466.67,3,28.0,56.0,543400.01,14128400.01,True,affordable_with_plan
payment_option_781,request_272,full_payment,13585000.0,1,30.0,0.0,0.0,13585000.0,False,affordable_with_plan
payment_option_782,request_272,installments,996233.33,15,30.0,420.0,1358499.95,14943499.95,True,affordable_with_plan
payment_option_783,request_273,full_payment,15861000.0,1,30.0,0.0,0.0,15861000.0,False,affordable_with_plan
payment_option_784,request_273,installments,5498480.0,3,28.0,56.0,634440.0,16495440.0,False,affordable_with_plan
payment_option_785,request_274,installments,940.75,3,31.0,62.0,108.55,2822.25,True,affordable_with_plan
payment_option_786,request_274,full_payment,2713.7,1,30.0,0.0,0.0,2713.7,False,affordable_with_plan
payment_option_787,request_274,installments,152.48,21,28.0,560.0,488.38,3202.08,True,affordable_with_plan
payment_option_788,request_275,full_payment,15884000.0,1,30.0,0.0,0.0,15884000.0,True,affordable_now
payment_option_789,request_275,installments,1164826.67,15,30.0,420.0,1588400.05,17472400.05,False,affordable_now
payment_option_790,request_275,installments,2859120.0,6,31.0,155.0,1270720.0,17154720.0,False,affordable_now
